BGC	Accession ID	Description	Product Prediction	BiG-SCAPE class	Organism	Taxonomy
BGC0000611	BGC0000611	Streptomyces sioyaensis strain ATCC 13989 siomycin biosynthesis gene cluster, complete sequence	terpene.thiopeptide.LAP	Others	Streptomyces sioyaensis	Bacteria,Actinobacteria,Streptomycetales,Streptomycetaceae,Streptomyces
BGC0000630	BGC0000630	Paracoccus haeundaensis astaxanthin biosynthesis gene cluster, complete sequence	terpene	Terpene	Paracoccus haeundaensis	Bacteria,Proteobacteria,Alphaproteobacteria,Rhodobacterales,Rhodobacteraceae,Paracoccus
BGC0000631	BGC0000631	Botrytis cinerea B05.10 chromosome BCIN12, complete sequence	terpene	Terpene	Botrytis cinerea B05.10	Eukaryota,Fungi,Dikarya,Ascomycota,Pezizomycotina,Leotiomycetes,Helotiales,Sclerotiniaceae,Botrytis
BGC0000632	BGC0000632	Nocardia terpenica strain IFM 0406 genomic scaffold scaffold2, whole genome shotgun sequence	terpene	Terpene	Nocardia terpenica	Bacteria,Actinobacteria,Corynebacteriales,Nocardiaceae,Nocardia
BGC0000633	BGC0000633	Streptomyces avermitilis carotenoid biosynthetic gene cluster	terpene	Terpene	Streptomyces avermitilis	Bacteria,Actinobacteria,Streptomycetales,Streptomycetaceae,Streptomyces
BGC0000634	BGC0000634	Brevundimonas sp. NBRC 101024 carotenoid biosynthesis gene cluster (orf1, crtW, crtY, crtI, crtB, orf6, orf7, crtE, idi, crtZ, crtG, orf12), complete cds	terpene	Terpene	Brevundimonas sp. NBRC 101024	Bacteria,Proteobacteria,Alphaproteobacteria,Caulobacterales,Caulobacteraceae,Brevundimonas,unclassified Brevundimonas
BGC0000635	BGC0000635	Paracoccus sp. N81106 carotenoid biosynthesis gene cluster (idi, crtW, crtZ, crtY, crtI, crtB, crtE, crtX), complete cds	terpene	Terpene	Paracoccus sp. N81106	Bacteria,Proteobacteria,Alphaproteobacteria,Rhodobacterales,Rhodobacteraceae,Paracoccus,unclassified Paracoccus (in: Bacteria)
BGC0000636	BGC0000636	Brevibacterium linens carotenoid biosynthetic gene cluster, complete sequence	terpene	Terpene	Brevibacterium linens	Bacteria,Actinobacteria,Micrococcales,Brevibacteriaceae,Brevibacterium
BGC0000637	BGC0000637	Brevibacterium flavum carotenoid biosynthesis gene cluster, partial sequence	terpene	Terpene	Corynebacterium glutamicum	Bacteria,Actinobacteria,Corynebacteriales,Corynebacteriaceae,Corynebacterium
BGC0000638	BGC0000638	Pantoea ananatis carotenoid biosynthesis gene cluster (crtE, crtX, crtY, crtI, crtB, crtZ), complete cds	terpene	Terpene	Pantoea ananatis	Bacteria,Proteobacteria,Gammaproteobacteria,Enterobacterales,Erwiniaceae,Pantoea
BGC0000639	BGC0000639	Enterobacteriaceae bacterium DC260 carotenoid synthesis gene cluster, complete sequence	terpene	Terpene	Enterobacteriaceae bacterium DC260	Bacteria,Proteobacteria,Gammaproteobacteria,Enterobacterales,Enterobacteriaceae
BGC0000640	BGC0000640	Enterobacteriaceae bacterium DC404 carotenoid synthesis gene cluster, complete sequence	terpene	Terpene	Enterobacteriaceae bacterium DC404	Bacteria,Proteobacteria,Gammaproteobacteria,Enterobacterales,Enterobacteriaceae
BGC0000641	BGC0000641	Enterobacteriaceae bacterium DC416 carotenoid synthesis gene cluster, complete sequence	terpene	Terpene	Enterobacteriaceae bacterium DC416	Bacteria,Proteobacteria,Gammaproteobacteria,Enterobacterales,Enterobacteriaceae
BGC0000642	BGC0000642	Enterobacteriaceae bacterium DC413 carotenoid synthesis gene cluster, complete sequence	terpene	Terpene	Enterobacteriaceae bacterium DC413	Bacteria,Proteobacteria,Gammaproteobacteria,Enterobacterales,Enterobacteriaceae
BGC0000643	BGC0000643	Brevundimonas vesicularis carotenoid synthesis gene cluster, complete sequence	terpene	Terpene	Brevundimonas vesicularis	Bacteria,Proteobacteria,Alphaproteobacteria,Caulobacterales,Caulobacteraceae,Brevundimonas
BGC0000644	BGC0000644	Dietzia sp. CQ4 C50 carotenoid synthesis gene cluster, complete sequence	terpene	Terpene	Dietzia sp. CQ4	Bacteria,Actinobacteria,Corynebacteriales,Dietziaceae,Dietzia,unclassified Dietzia
BGC0000645	BGC0000645	Halobacillus halophilus strain DSM 2266 carotenoid biosynthesis gene cluster, complete sequence	terpene	Terpene	Halobacillus halophilus DSM 2266	Bacteria,Firmicutes,Bacilli,Bacillales,Bacillaceae,Halobacillus
BGC0000646	BGC0000646	Uncultured bacterium clone RM3 carotenoid biosynthetic gene cluster, complete sequence	terpene	Terpene	uncultured bacterium	Bacteria,environmental samples
BGC0000647	BGC0000647	carotenoid gene cluster: crtI=phytoene desaturase, crtB=phytoene synthase [Rhodobacter sphaeroides, Genomic, 3084 nt]	terpene	Terpene	Cereibacter sphaeroides	Bacteria,Proteobacteria,Alphaproteobacteria,Rhodobacterales,Rhodobacteraceae,Cereibacter
BGC0000648	BGC0000648	Myxococcus xanthus carotenoid gene cluster	terpene	Terpene	Myxococcus xanthus	Bacteria,Proteobacteria,Deltaproteobacteria,Myxococcales,Cystobacterineae,Myxococcaceae,Myxococcus
BGC0000649	BGC0000649	Streptomyces griseus strain IFO13350 carotinoid biosynthesis gene cluster, complete sequence	terpene	Terpene	Streptomyces griseus subsp. griseus NBRC 13350	Bacteria,Actinobacteria,Streptomycetales,Streptomycetaceae,Streptomyces
BGC0000650	BGC0000650	Algoriphagus sp. KK10202C carotenoid synthesis gene cluster, complete sequence	terpene	Terpene	Algoriphagus sp. KK10202C	Bacteria,Bacteroidetes,Cytophagia,Cytophagales,Cyclobacteriaceae,Algoriphagus,unclassified Algoriphagus
BGC0000651	BGC0000651	Streptomyces argenteolus gene cluster for biosynthesis of tetraterpenoid, KS-505a	terpene	Terpene	Streptomyces argenteolus	Bacteria,Actinobacteria,Streptomycetales,Streptomycetaceae,Streptomyces
BGC0000652	BGC0000652	Streptomyces sp. CNQ525 napyradiomycin biosynthetic gene cluster, partial sequence	terpene.T3PKS	Others	Streptomyces sp. CNQ-525	Bacteria,Actinobacteria,Streptomycetales,Streptomycetaceae,Streptomyces
BGC0000653	BGC0000653	Streptomyces arenae strain TU469 pentalenolactone biosynthetic gene cluster, complete sequence	terpene	Terpene	Streptomyces arenae	Bacteria,Actinobacteria,Streptomycetales,Streptomycetaceae,Streptomyces
BGC0000654	BGC0000654	Streptomyces sp. Tu6071 phenalinolactone biosynthetic gene cluster, complete sequence	terpene.PKS-like	Others	Streptomyces sp. Tu6071	Bacteria,Actinobacteria,Streptomycetales,Streptomycetaceae,Streptomyces
BGC0000656	BGC0000656	Xanthobacter sp. Py2 zeaxanthin biosynthetic gene cluster, complete sequence	terpene	Terpene	Xanthobacter autotrophicus Py2	Bacteria,Proteobacteria,Alphaproteobacteria,Hyphomicrobiales,Xanthobacteraceae,Xanthobacter
BGC0000657	BGC0000657	Pseudanabaena sp. dqh15 2-methylisoborneol (2-MIB) synthesis associated operon, complete sequence	terpene	Terpene	Pseudanabaena sp. dqh15	Bacteria,Cyanobacteria,Pseudanabaenales,Pseudanabaenaceae,Pseudanabaena
BGC0000658	BGC0000658	Streptomyces griseus subsp. griseus NBRC 13350 DNA, complete genome	terpene	Terpene	Streptomyces griseus subsp. griseus NBRC 13350	Bacteria,Actinobacteria,Streptomycetales,Streptomycetaceae,Streptomyces
BGC0000659	BGC0000659	Saccharopolyspora erythraea NRRL2338 complete genome	terpene	Terpene	Saccharopolyspora erythraea NRRL 2338	Bacteria,Actinobacteria,Pseudonocardiales,Pseudonocardiaceae,Saccharopolyspora
BGC0000660	BGC0000660	Streptomyces coelicolor A3(2) complete genome	terpene	Terpene	Streptomyces coelicolor A3(2)	Bacteria,Actinobacteria,Streptomycetales,Streptomycetaceae,Streptomyces,Streptomyces albidoflavus group
BGC0000661	BGC0000661	Nostoc punctiforme PCC 73102 strain ATCC 29133 chromosome, complete genome	terpene	Terpene	Nostoc punctiforme PCC 73102	Bacteria,Cyanobacteria,Nostocales,Nostocaceae,Nostoc
BGC0000663	BGC0000663	Streptomyces coelicolor A3(2) complete genome	terpene	Terpene	Streptomyces coelicolor A3(2)	Bacteria,Actinobacteria,Streptomycetales,Streptomycetaceae,Streptomyces,Streptomyces albidoflavus group
BGC0000664	BGC0000664	Streptomyces griseus subsp. griseus NBRC 13350 DNA, complete genome	terpene	Terpene	Streptomyces griseus subsp. griseus NBRC 13350	Bacteria,Actinobacteria,Streptomycetales,Streptomycetaceae,Streptomyces
BGC0000667	BGC0000667	Penicillium roqueforti FM164 genomic scaffold, ProqFM164S02, whole genome shotgun sequence	terpene	Terpene	Penicillium roqueforti FM164	Eukaryota,Fungi,Dikarya,Ascomycota,Pezizomycotina,Eurotiomycetes,Eurotiomycetidae,Eurotiales,Aspergillaceae,Penicillium
BGC0000669	BGC0000669	Arabidopsis thaliana chromosome 5 sequence	terpene	Terpene	Arabidopsis thaliana	Eukaryota,Viridiplantae,Streptophyta,Embryophyta,Tracheophyta,Spermatophyta,Magnoliopsida,eudicotyledons,Gunneridae,Pentapetalae,rosids,malvids,Brassicales,Brassicaceae,Camelineae,Arabidopsis
BGC0000671	BGC0000671	Oryza sativa Japonica Group DNA, chromosome 4, complete sequence, cultivar: Nipponbare	terpene	Terpene	Oryza sativa Japonica Group	Eukaryota,Viridiplantae,Streptophyta,Embryophyta,Tracheophyta,Spermatophyta,Magnoliopsida,Liliopsida,Poales,Poaceae,BOP clade,Oryzoideae,Oryzeae,Oryzinae,Oryza,Oryza sativa
BGC0000672	BGC0000672	Oryza sativa Japonica Group DNA, chromosome 2, complete sequence, cultivar: Nipponbare	terpene	Terpene	Oryza sativa Japonica Group	Eukaryota,Viridiplantae,Streptophyta,Embryophyta,Tracheophyta,Spermatophyta,Magnoliopsida,Liliopsida,Poales,Poaceae,BOP clade,Oryzoideae,Oryzeae,Oryzinae,Oryza,Oryza sativa
BGC0000674	BGC0000674	Streptomyces clavuligerus ATCC 27064 supercont1.14 genomic scaffold, whole genome shotgun sequence	terpene	Terpene	Streptomyces clavuligerus	Bacteria,Actinobacteria,Streptomycetales,Streptomycetaceae,Streptomyces
BGC0000675	BGC0000675	Streptomyces clavuligerus ATCC 27064 supercont1.31 genomic scaffold, whole genome shotgun sequence	terpene	Terpene	Streptomyces clavuligerus	Bacteria,Actinobacteria,Streptomycetales,Streptomycetaceae,Streptomyces
BGC0000676	BGC0000676	Neocamarosporium betae PbGGS, ACS, PbP450-1, PbTP, PbP450-2, PbTF genes for geranylgeranyldiphosphate synthase, aphidicolan-16b-ol synthase, P450 monooxygenase 1, transporter protein, P450 monooxygenase 2, transcription factor, complete cds	terpene	Terpene	Neocamarosporium betae	Eukaryota,Fungi,Dikarya,Ascomycota,Pezizomycotina,Dothideomycetes,Pleosporomycetidae,Pleosporales,Pleosporineae,Pleosporaceae,Neocamarosporium
BGC0000678	BGC0000678	Streptomyces avermitilis MA-4680 = NBRC 14893 DNA, complete genome	terpene	Terpene	Streptomyces avermitilis MA-4680 = NBRC 14893	Bacteria,Actinobacteria,Streptomycetales,Streptomycetaceae,Streptomyces
BGC0000683	BGC0000683	Streptomyces avermitilis MA-4680 = NBRC 14893 DNA, complete genome	terpene	Terpene	Streptomyces avermitilis MA-4680 = NBRC 14893	Bacteria,Actinobacteria,Streptomycetales,Streptomycetaceae,Streptomyces
BGC0000685	BGC0000685	Alternaria brassicicola ATCC 96836 A_brassicicola-1.0.1_Cont1.94, whole genome shotgun sequence	terpene	Terpene	Alternaria brassicicola ATCC 96836	Eukaryota,Fungi,Dikarya,Ascomycota,Pezizomycotina,Dothideomycetes,Pleosporomycetidae,Pleosporales,Pleosporineae,Pleosporaceae,Alternaria,Alternaria sect. Brassicicola
BGC0000688	BGC0000688	Diaporthe amygdali genomic DNA, strain:N2, clone:PaGenomeD	terpene	Terpene	Diaporthe amygdali	Eukaryota,Fungi,Dikarya,Ascomycota,Pezizomycotina,Sordariomycetes,Sordariomycetidae,Diaporthales,Diaporthaceae,Diaporthe
BGC0000930	BGC0000930	Gibberella zeae 88-1 trichothecene biosynthesis gene cluster, complete sequence	terpene	Terpene	Fusarium graminearum	Eukaryota,Fungi,Dikarya,Ascomycota,Pezizomycotina,Sordariomycetes,Hypocreomycetidae,Hypocreales,Nectriaceae,Fusarium
BGC0001046	BGC0001046	Streptomyces lydicus streptolydigin biosynthesis gene cluster, strain NRRL 2433	NRPS.terpene.T1PKS	Others	Streptomyces lydicus	Bacteria,Actinobacteria,Streptomycetales,Streptomycetaceae,Streptomyces
BGC0001078	BGC0001078	Streptomyces sp. KO-3988 furaquinocin A biosynthetic gene cluster, complete cds	terpene.T3PKS	Others	Streptomyces sp. KO-3988	Bacteria,Actinobacteria,Streptomycetales,Streptomycetaceae,Streptomyces
BGC0001079	BGC0001079	Streptomyces aculeolatus napyradiomycin biosynthetic gene cluster, complete sequence	terpene.T3PKS	Others	Streptomyces aculeolatus	Bacteria,Actinobacteria,Streptomycetales,Streptomycetaceae,Streptomyces
BGC0001082	BGC0001082	Penicillium paxilli strain PN2013 hypothetical protein PP101, hypothetical protein PP102, hypothetical protein PP103, hypothetical protein PP104, hypothetical protein PP105, hypothetical protein PP106, hypothetical protein PP107, hypothetical protein PP108, hypothetical protein PP109, hypothetical protein PP110, hypothetical protein PP111, and hypothetical protein PP112 genes, complete cds; paxilline biosynthetic gene cluster, complete sequence; and hypothetical protein PP121 and hypothetical protein PP122 genes, complete cds	terpene.indole	Others	Penicillium paxilli	Eukaryota,Fungi,Dikarya,Ascomycota,Pezizomycotina,Eurotiomycetes,Eurotiomycetidae,Eurotiales,Aspergillaceae,Penicillium
BGC0001083	BGC0001083	Streptomyces sp. CNH189 merochlorin gene cluster, complete sequence	terpene.T3PKS.butyrolactone	Others	Streptomyces sp. CNH189	Bacteria,Actinobacteria,Streptomycetales,Streptomycetaceae,Streptomyces
BGC0001181	BGC0001181	Streptomyces coelicolor A3(2) complete genome	terpene	Terpene	Streptomyces coelicolor A3(2)	Bacteria,Actinobacteria,Streptomycetales,Streptomycetaceae,Streptomyces,Streptomyces albidoflavus group
BGC0001201	BGC0001201	Sorangium cellulosum 'So ce 56' complete genome	terpene	Terpene	Sorangium cellulosum So ce56	Bacteria,Proteobacteria,Deltaproteobacteria,Myxococcales,Sorangiineae,Polyangiaceae,Sorangium
BGC0001227	BGC0001227	Streptomyces collinus Tu 365 chromosome, complete genome	terpene	Terpene	Streptomyces collinus Tu 365	Bacteria,Actinobacteria,Streptomycetales,Streptomycetaceae,Streptomyces
BGC0001260	BGC0001260	Chaunopycnis alba ORF1, terK, terC, terB, terQ, terM, terP, terF, ORF2, ORF3 genes for indoleamine 2,3-dioxygenase, cytochrome P450 monooxygenase, prenyl transferase, terpene cyclase, cytochrome P450 monooxygenase, FAD-dependent monooxygenase, cytochrome P450 monooxygenase, aromatic prenyl transferase, flavin-binding monooxygenase, heat shock protein, complete cds	terpene.indole	Others	Tolypocladium album	Eukaryota,Fungi,Dikarya,Ascomycota,Pezizomycotina,Sordariomycetes,Hypocreomycetidae,Hypocreales,Ophiocordycipitaceae,Tolypocladium
BGC0001277	BGC0001277	Gibberella zeae strain GZ3639 trichothecene gene cluster, complete sequence	terpene	Terpene	Fusarium graminearum	Eukaryota,Fungi,Dikarya,Ascomycota,Pezizomycotina,Sordariomycetes,Hypocreomycetidae,Hypocreales,Nectriaceae,Fusarium
BGC0001278	BGC0001278	Fusarium sporotrichioides trichothecene gene cluster, complete sequence	terpene	Terpene	Fusarium sporotrichioides	Eukaryota,Fungi,Dikarya,Ascomycota,Pezizomycotina,Sordariomycetes,Hypocreomycetidae,Hypocreales,Nectriaceae,Fusarium
BGC0001321	BGC0001321	Solanum habrochaites isolate LA1778 chromosome 8 terpene biosynthesis gene locus, partial sequence	terpene	Terpene	Solanum habrochaites	Eukaryota,Viridiplantae,Streptophyta,Embryophyta,Tracheophyta,Spermatophyta,Magnoliopsida,eudicotyledons,Gunneridae,Pentapetalae,asterids,lamiids,Solanales,Solanaceae,Solanoideae,Solaneae,Solanum,Solanum subgen. Lycopersicon
BGC0001322	BGC0001322	Solanum lycopersicum chromosome 8 terpene biosythesis gene locus, partial sequence	terpene	Terpene	Solanum lycopersicum	Eukaryota,Viridiplantae,Streptophyta,Embryophyta,Tracheophyta,Spermatophyta,Magnoliopsida,eudicotyledons,Gunneridae,Pentapetalae,asterids,lamiids,Solanales,Solanaceae,Solanoideae,Solaneae,Solanum,Solanum subgen. Lycopersicon
BGC0001323	BGC0001323	Solanum pennellii isolate LA0716 chromosome 8 terpene biosynthesis gene locus, partial sequence	terpene	Terpene	Solanum pennellii	Eukaryota,Viridiplantae,Streptophyta,Embryophyta,Tracheophyta,Spermatophyta,Magnoliopsida,eudicotyledons,Gunneridae,Pentapetalae,asterids,lamiids,Solanales,Solanaceae,Solanoideae,Solaneae,Solanum,Solanum subgen. Lycopersicon
BGC0001324	BGC0001324	Solanum pimpinellifolium isolate LA1589 chromosome 8 terpene biosynthesis gene locus, partial sequence	terpene	Terpene	Solanum pimpinellifolium	Eukaryota,Viridiplantae,Streptophyta,Embryophyta,Tracheophyta,Spermatophyta,Magnoliopsida,eudicotyledons,Gunneridae,Pentapetalae,asterids,lamiids,Solanales,Solanaceae,Solanoideae,Solaneae,Solanum,Solanum subgen. Lycopersicon
BGC0001330	BGC0001330	Micromonospora sp. RV43 contig4_size105044, whole genome shotgun sequence	terpene.NRPS-like.T1PKS	Others	Micromonospora sp. RV43	Bacteria,Actinobacteria,Micromonosporales,Micromonosporaceae,Micromonospora,unclassified Micromonospora
BGC0001339	BGC0001339	Phoma sp. MF5453 transcription factor (mfL3) gene, partial cds; and squalestatin S1 gene cluster, complete sequence	terpene.T1PKS	Others	Phoma sp. MF5453	Eukaryota,Fungi,Dikarya,Ascomycota,Pezizomycotina,Dothideomycetes,Pleosporomycetidae,Pleosporales,Pleosporineae,Didymellaceae,Phoma
BGC0001361	BGC0001361	Serratia plymuthica 4Rx13, complete genome	terpene	Terpene	Serratia plymuthica 4Rx13	Bacteria,Proteobacteria,Gammaproteobacteria,Enterobacterales,Yersiniaceae,Serratia
BGC0001373	BGC0001373	Sordaria araneosa DNA, contains sdnA, sdnB, sdnC, sdnD, sdnE, sdnF, sdnG, sdnH, sdnI, sdnJ, sdnK, sdnL, sdnM, sdnN, sdnO, sdnP, sdnQ, sdnR, sdnS, sdnT gene cluster, strain: ATCC 36386	terpene.T1PKS	Others	Sordaria araneosa	Eukaryota,Fungi,Dikarya,Ascomycota,Pezizomycotina,Sordariomycetes,Sordariomycetidae,Sordariales,Sordariaceae,Sordaria
BGC0001456	BGC0001456	Streptomyces argillaceus genomic DNA containing Isorenieratene biosynthesis gene cluster region, strain ATCC 12956	terpene	Terpene	Streptomyces argillaceus	Bacteria,Actinobacteria,Streptomycetales,Streptomycetaceae,Streptomyces
BGC0001475	BGC0001475	Aspergillus terreus NIH2624 scaffold_6 genomic scaffold, whole genome shotgun sequence	terpene	Terpene	Aspergillus terreus NIH2624	Eukaryota,Fungi,Dikarya,Ascomycota,Pezizomycotina,Eurotiomycetes,Eurotiomycetidae,Eurotiales,Aspergillaceae,Aspergillus,Aspergillus subgen. Circumdati
BGC0001481	BGC0001481	Fusarium fujikuroi IMI 58289 draft genome, chromosome FFUJ_chr10	terpene	Terpene	Fusarium fujikuroi IMI 58289	Eukaryota,Fungi,Dikarya,Ascomycota,Pezizomycotina,Sordariomycetes,Hypocreomycetidae,Hypocreales,Nectriaceae,Fusarium,Fusarium fujikuroi species complex
BGC0001580	BGC0001580	Streptomyces aburaviensis Ebelactone biosynthetic gene cluster, strain ATCC31860	terpene.T1PKS	Others	Kitasatospora aburaviensis	Bacteria,Actinobacteria,Streptomycetales,Streptomycetaceae,Kitasatospora
BGC0001604	BGC0001604	Fusarium fujikuroi strain B14 gibberellin biosynthetic gene cluster, complete sequence	terpene	Terpene	Fusarium fujikuroi	Eukaryota,Fungi,Dikarya,Ascomycota,Pezizomycotina,Sordariomycetes,Hypocreomycetidae,Hypocreales,Nectriaceae,Fusarium,Fusarium fujikuroi species complex
BGC0001617	BGC0001617	Stereum hirsutum FP-91666 SS1 unplaced genomic scaffold STEHIscaffold_4, whole genome shotgun sequence	terpene	Terpene	Stereum hirsutum FP-91666 SS1	Eukaryota,Fungi,Dikarya,Basidiomycota,Agaricomycotina,Agaricomycetes,Russulales,Stereaceae,Stereum
BGC0001642	BGC0001642	Fusarium fujikuroi IMI 58289 draft genome, chromosome FFUJ_chr08	terpene	Terpene	Fusarium fujikuroi IMI 58289	Eukaryota,Fungi,Dikarya,Ascomycota,Pezizomycotina,Sordariomycetes,Hypocreomycetidae,Hypocreales,Nectriaceae,Fusarium,Fusarium fujikuroi species complex
BGC0001646	BGC0001646	Burkholderia gladioli strain Lv-StB lagriamide biosynthesis gene cluster, complete sequence	NRPS.transAT-PKS.terpene	Others	Burkholderia gladioli	Bacteria,Proteobacteria,Betaproteobacteria,Burkholderiales,Burkholderiaceae,Burkholderia
BGC0001706	BGC0001706	Hypoxylon pulicicidum strain MF5954 hypothetical protein, cytochrome P450 oxygenase (nodW), cytochrome P450 oxygenase (nodR), cytochrome P450 oxygenase (nodX), FAD-dependent oxygenase (nodM), indole diterpene cyclase (nodB), FAD-dependent oxygenase (nodO), cytochrome P450 oxygenase (nodJ), geranylgeranyl transferase (nodC), FAD-dependent oxygenase (nodY1), prenyl transferase (nodD2), indole diterpene biosynthesis protein (nodD1), FAD-dependent oxygenase (nodY2), cytochrome P450 oxygenase (nodZ), and hypothetical protein genes, complete cds	terpene.indole	Others	Hypoxylon pulicicidum	Eukaryota,Fungi,Dikarya,Ascomycota,Pezizomycotina,Sordariomycetes,Xylariomycetidae,Xylariales,Hypoxylaceae,Hypoxylon
BGC0001746	BGC0001746	Streptomyces pristinaespiralis ATCC 25486 chromosome, whole genome shotgun sequence	terpene	Terpene	Streptomyces pristinaespiralis ATCC 25486	Bacteria,Actinobacteria,Streptomycetales,Streptomycetaceae,Streptomyces
BGC0001756	BGC0001756	Arabidopsis thaliana chromosome 3, partial sequence	terpene	Terpene	Arabidopsis thaliana	Eukaryota,Viridiplantae,Streptophyta,Embryophyta,Tracheophyta,Spermatophyta,Magnoliopsida,eudicotyledons,Gunneridae,Pentapetalae,rosids,malvids,Brassicales,Brassicaceae,Camelineae,Arabidopsis
BGC0001775	BGC0001775	Cordana terrestris FKA-25 DNA, sespendole biosynthetic gene cluster	terpene.indole	Others	Cordana terrestris	Eukaryota,Fungi,Dikarya,Ascomycota,Pezizomycotina,Sordariomycetes,Sordariomycetidae,Sordariomycetidae incertae sedis,Cordana
BGC0001776	BGC0001776	Penicillium janthinellum strain PN2408 janthitremane gene cluster, partial sequence	terpene.indole	Others	Penicillium janthinellum	Eukaryota,Fungi,Dikarya,Ascomycota,Pezizomycotina,Eurotiomycetes,Eurotiomycetidae,Eurotiales,Aspergillaceae,Penicillium
BGC0001777	BGC0001777	TPA_exp: Escovopsis weberi shearinine biosynthesis gene cluster, complete sequence	terpene.indole	Others	Escovopsis weberi	Eukaryota,Fungi,Dikarya,Ascomycota,Pezizomycotina,Sordariomycetes,Hypocreomycetidae,Hypocreales,Hypocreaceae,Escovopsis
BGC0001811	BGC0001811	Fusarium asiaticum DNA, tri gene cluster	terpene	Terpene	Fusarium asiaticum	Eukaryota,Fungi,Dikarya,Ascomycota,Pezizomycotina,Sordariomycetes,Hypocreomycetidae,Hypocreales,Nectriaceae,Fusarium
BGC0001839	BGC0001839	Aspergillus sp. Z5 contig188_scaffold34, whole genome shotgun sequence	terpene	Terpene	Aspergillus sp. Z5	Eukaryota,Fungi,Dikarya,Ascomycota,Pezizomycotina,Eurotiomycetes,Eurotiomycetidae,Eurotiales,Aspergillaceae,Aspergillus
BGC0001903	BGC0001903	Streptomyces sp. MA37 cytochrome c oxidase subunit I gene, partial cds; cytochrome c oxidase polypeptide 4, lipoprotein, L,D-transpeptidase, two-component system response regulator, cytochrome c oxidase subunit III, cytochrome C heme-binding subunit, ubiquinol-cytochrome C reductase iron-sulfur subunit, ubiquinol-cytochrome c reductase cytochrome b subunit, and cytochrome P450 monooxygenase genes, complete cds; neocarazostatin A biosynthesis gene cluster, complete sequence; and transcriptional regulator and putative integral membrane protein genes, complete cds	terpene	Terpene	Streptomyces sp. MA37	Bacteria,Actinobacteria,Streptomycetales,Streptomycetaceae,Streptomyces
BGC0001910	BGC0001910	Streptomyces cyslabdanicus DNA, related genes for cyslabdan biosynthesis, strain: K04-0144	terpene	Terpene	Streptomyces cyslabdanicus	Bacteria,Actinobacteria,Streptomycetales,Streptomycetaceae,Streptomyces
BGC0001911	BGC0001911	Streptomyces anulatus DNA, related genes for raimonol biosynthesis, strain: GM95	terpene	Terpene	Streptomyces anulatus	Bacteria,Actinobacteria,Streptomycetales,Streptomycetaceae,Streptomyces
BGC0001969	BGC0001969	Talaromyces wortmannii asperterpenoid A biosynthetic gene cluster, complete sequence	terpene	Terpene	Talaromyces wortmannii	Eukaryota,Fungi,Dikarya,Ascomycota,Pezizomycotina,Eurotiomycetes,Eurotiomycetidae,Eurotiales,Trichocomaceae,Talaromyces,Talaromyces sect. Islandici
BGC0001995	BGC0001995	Aspergillus oryzae RIB40 DNA, chromosome 7	terpene	Terpene	Aspergillus oryzae RIB40	Eukaryota,Fungi,Dikarya,Ascomycota,Pezizomycotina,Eurotiomycetes,Eurotiomycetidae,Eurotiales,Aspergillaceae,Aspergillus,Aspergillus subgen. Circumdati
BGC0001997	BGC0001997	Nicotiana tabacum cultivar K326 Nitab4.5_0001461, whole genome shotgun sequence	terpene	Terpene	Nicotiana tabacum	Eukaryota,Viridiplantae,Streptophyta,Embryophyta,Tracheophyta,Spermatophyta,Magnoliopsida,eudicotyledons,Gunneridae,Pentapetalae,asterids,lamiids,Solanales,Solanaceae,Nicotianoideae,Nicotianeae,Nicotiana
BGC0002007	BGC0002007	Amycolatopsis tolypomycina strain DSM 44544, whole genome shotgun sequence	terpene	Terpene	Amycolatopsis tolypomycina	Bacteria,Actinobacteria,Pseudonocardiales,Pseudonocardiaceae,Amycolatopsis
BGC0002019	BGC0002019	TPA_exp: Streptomyces sp. CB03234, complete sequence	terpene	Terpene	Streptomyces sp. CB03234	Bacteria,Actinobacteria,Streptomycetales,Streptomycetaceae,Streptomyces
BGC0002149	BGC0002149	Aspergillus alliaceus strain ATCC 20738 indole diterpene biosynthetic gene cluster, complete sequence	NRPS.terpene	Others	Aspergillus alliaceus	Eukaryota,Fungi,Dikarya,Ascomycota,Pezizomycotina,Eurotiomycetes,Eurotiomycetidae,Eurotiales,Aspergillaceae,Aspergillus
BGC0002173	BGC0002173	Aspergillus fumigatus A1163 scf_000005 genomic scaffold, whole genome shotgun sequence	terpene	Terpene	Aspergillus fumigatus A1163	Eukaryota,Fungi,Dikarya,Ascomycota,Pezizomycotina,Eurotiomycetes,Eurotiomycetidae,Eurotiales,Aspergillaceae,Aspergillus,Aspergillus subgen. Fumigati
BGC0002176	BGC0002176	Fusarium graminearum PH-1 chromosome 1, whole genome shotgun sequence	terpene	Terpene	Fusarium graminearum PH-1	Eukaryota,Fungi,Dikarya,Ascomycota,Pezizomycotina,Sordariomycetes,Hypocreomycetidae,Hypocreales,Nectriaceae,Fusarium
BGC0002246	BGC0002246	Hypholoma sublateritium FD-334 SS-4 unplaced genomic scaffold scaffold_99, whole genome shotgun sequence	terpene	Terpene	Hypholoma sublateritium FD-334 SS-4	Eukaryota,Fungi,Dikarya,Basidiomycota,Agaricomycotina,Agaricomycetes,Agaricomycetidae,Agaricales,Strophariaceae,Hypholoma
BGC0002248	BGC0002248	Aspergillus flavus NRRL3357 chromosome 3	NRPS.terpene	Others	Aspergillus flavus NRRL3357	Eukaryota,Fungi,Dikarya,Ascomycota,Pezizomycotina,Eurotiomycetes,Eurotiomycetidae,Eurotiales,Aspergillaceae,Aspergillus,Aspergillus subgen. Circumdati
BGC0002260	BGC0002260	Annulohypoxylon truncatum culture CBS:140778 brasilane biosynthetic gene cluster, complete sequence	terpene	Terpene	Annulohypoxylon truncatum	Eukaryota,Fungi,Dikarya,Ascomycota,Pezizomycotina,Sordariomycetes,Xylariomycetidae,Xylariales,Hypoxylaceae,Annulohypoxylon
BGC0002283	BGC0002283	Serratia plymuthica strain WS3236 Ga0236286_11, whole genome shotgun sequence	terpene	Terpene	Serratia plymuthica	Bacteria,Proteobacteria,Gammaproteobacteria,Enterobacterales,Yersiniaceae,Serratia
BGC0002309	BGC0002309	Streptomyces cattleya str. NRRL 8057 main chromosome, complete genome	terpene	Terpene	Streptomyces cattleya NRRL 8057 = DSM 46488	Bacteria,Actinobacteria,Streptomycetales,Streptomycetaceae,Streptomyces
BGC0002320	BGC0002320	Penicillium chrysogenum Wisconsin 54-1255 complete genome, contig Pc00c20	terpene	Terpene	Penicillium rubens Wisconsin 54-1255	Eukaryota,Fungi,Dikarya,Ascomycota,Pezizomycotina,Eurotiomycetes,Eurotiomycetidae,Eurotiales,Aspergillaceae,Penicillium,Penicillium chrysogenum species complex
BGC0002338	BGC0002338	Myxococcales bacterium strain MSr12020 sorangipyranone biosynthetic gene cluster, complete sequence	terpene.T1PKS	Others	Myxococcales bacterium	Bacteria,Proteobacteria,Deltaproteobacteria,Myxococcales
BGC0002339	BGC0002339	Vitiosangium cumulatum strain MCy10943 hydroxysorangiadenosine terpene biosynthetic gene cluster, complete sequence	terpene	Terpene	Vitiosangium cumulatum	Bacteria,Proteobacteria,Deltaproteobacteria,Myxococcales,Cystobacterineae,Archangiaceae,Vitiosangium
BGC0002389	BGC0002389	Zea mays cultivar B73 chromosome 10, Zm-B73-REFERENCE-NAM-5.0, whole genome shotgun sequence	terpene	Terpene	Zea mays	Eukaryota,Viridiplantae,Streptophyta,Embryophyta,Tracheophyta,Spermatophyta,Magnoliopsida,Liliopsida,Poales,Poaceae,PACMAD clade,Panicoideae,Andropogonodae,Andropogoneae,Tripsacinae,Zea
BGC0002392	BGC0002392	Oryza sativa Japonica Group DNA, chromosome 7, cultivar: Nipponbare, complete sequence	terpene	Terpene	Oryza sativa Japonica Group	Eukaryota,Viridiplantae,Streptophyta,Embryophyta,Tracheophyta,Spermatophyta,Magnoliopsida,Liliopsida,Poales,Poaceae,BOP clade,Oryzoideae,Oryzeae,Oryzinae,Oryza,Oryza sativa
BGC0002393	BGC0002393	Ricinus communis genomic scaffold scf_1106159296192, whole genome shotgun sequence	terpene	Terpene	Ricinus communis	Eukaryota,Viridiplantae,Streptophyta,Embryophyta,Tracheophyta,Spermatophyta,Magnoliopsida,eudicotyledons,Gunneridae,Pentapetalae,rosids,fabids,Malpighiales,Euphorbiaceae,Acalyphoideae,Acalypheae,Ricinus
BGC0002394	BGC0002394	Taxus chinensis isolate Ta-2019 chromosome 9, whole genome shotgun sequence	terpene	Terpene	Taxus chinensis	Eukaryota,Viridiplantae,Streptophyta,Embryophyta,Tracheophyta,Spermatophyta,Pinopsida,Pinidae,Conifers II,Cupressales,Taxaceae,Taxus
BGC0002395	BGC0002395	Hordeum vulgare subsp. vulgare chromosome 2H, MorexV3_pseudomolecules_assembly, whole genome shotgun sequence	terpene	Terpene	Hordeum vulgare subsp. vulgare	Eukaryota,Viridiplantae,Streptophyta,Embryophyta,Tracheophyta,Spermatophyta,Magnoliopsida,Liliopsida,Poales,Poaceae,BOP clade,Pooideae,Triticodae,Triticeae,Hordeinae,Hordeum
BGC0002396	BGC0002396	Salvia splendens isolate huo1 chromosome 20, whole genome shotgun sequence	terpene	Terpene	Salvia splendens	Eukaryota,Viridiplantae,Streptophyta,Embryophyta,Tracheophyta,Spermatophyta,Magnoliopsida,eudicotyledons,Gunneridae,Pentapetalae,asterids,lamiids,Lamiales,Lamiaceae,Nepetoideae,Mentheae,Salviinae,Salvia,Salvia subgen. Calosphace,core Calosphace
BGC0002397	BGC0002397	Arabidopsis thaliana chromosome 3, partial sequence	terpene	Terpene	Arabidopsis thaliana	Eukaryota,Viridiplantae,Streptophyta,Embryophyta,Tracheophyta,Spermatophyta,Magnoliopsida,eudicotyledons,Gunneridae,Pentapetalae,rosids,malvids,Brassicales,Brassicaceae,Camelineae,Arabidopsis
BGC0002398	BGC0002398	Arabidopsis thaliana chromosome 3, partial sequence	terpene	Terpene	Arabidopsis thaliana	Eukaryota,Viridiplantae,Streptophyta,Embryophyta,Tracheophyta,Spermatophyta,Magnoliopsida,eudicotyledons,Gunneridae,Pentapetalae,rosids,malvids,Brassicales,Brassicaceae,Camelineae,Arabidopsis
BGC0002399	BGC0002399	Capsella rubella cultivar Monte Gargano unplaced genomic scaffold scaffold_3, whole genome shotgun sequence	terpene	Terpene	Capsella rubella	Eukaryota,Viridiplantae,Streptophyta,Embryophyta,Tracheophyta,Spermatophyta,Magnoliopsida,eudicotyledons,Gunneridae,Pentapetalae,rosids,malvids,Brassicales,Brassicaceae,Camelineae,Capsella
BGC0002400	BGC0002400	Brassica oleracea var. oleracea cultivar TO1000 chromosome C5, BOL, whole genome shotgun sequence	terpene	Terpene	Brassica oleracea var. oleracea	Eukaryota,Viridiplantae,Streptophyta,Embryophyta,Tracheophyta,Spermatophyta,Magnoliopsida,eudicotyledons,Gunneridae,Pentapetalae,rosids,malvids,Brassicales,Brassicaceae,Brassiceae,Brassica
BGC0002427	BGC0002427	Metarhizium robertsii ARSEF 23 MAA_Scf_14, whole genome shotgun sequence	terpene.T1PKS	Others	Metarhizium robertsii ARSEF 23	Eukaryota,Fungi,Dikarya,Ascomycota,Pezizomycotina,Sordariomycetes,Hypocreomycetidae,Hypocreales,Clavicipitaceae,Metarhizium
BGC0002445	BGC0002445	Armillaria gallica strain FU02472 terpene biosynthesis gene cluster, complete sequence	terpene	Terpene	Armillaria gallica	Eukaryota,Fungi,Dikarya,Basidiomycota,Agaricomycotina,Agaricomycetes,Agaricomycetidae,Agaricales,Physalacriaceae,Armillaria
BGC0002449	BGC0002449	Uncultured bacterium sterol biosynthesis gene cluster, complete sequence	terpene	Terpene	uncultured bacterium	Bacteria,environmental samples
BGC0002554	BGC0002554	Streptomyces exfoliatus 2419-SVT2 DNA, carquinostatin A biosynthetic gene cluster	terpene	Terpene	Streptomyces exfoliatus	Bacteria,Actinobacteria,Streptomycetales,Streptomycetaceae,Streptomyces
BGC0002557	BGC0002557	Penicillium griseofulvum strain NRRL 35584 penifulvin biosynthetic gene cluster, complete sequence	terpene	Terpene	Penicillium griseofulvum	Eukaryota,Fungi,Dikarya,Ascomycota,Pezizomycotina,Eurotiomycetes,Eurotiomycetidae,Eurotiales,Aspergillaceae,Penicillium
BGC0002591	BGC0002591	Streptomyces sp. strain NA04227 aurachin biosynthetic gene cluster, complete sequence	terpene.ladderane	Others	Streptomyces sp.	Bacteria,Actinobacteria,Streptomycetales,Streptomycetaceae,Streptomyces
BGC0002603	BGC0002603	Aspergillus versicolor 0312 biosynthetic gene cluster of chevalone E and its oxidized derivatives, complete sequence	terpene.T1PKS	Others	Aspergillus versicolor	Eukaryota,Fungi,Dikarya,Ascomycota,Pezizomycotina,Eurotiomycetes,Eurotiomycetidae,Eurotiales,Aspergillaceae,Aspergillus,Aspergillus subgen. Nidulantes
BGC0002604	BGC0002604	Aspergillus felis 0260 DNA, sartorypyrone A biosynthetic gene cluster, complete sequence	terpene.T1PKS	Others	Aspergillus felis	Eukaryota,Fungi,Dikarya,Ascomycota,Pezizomycotina,Eurotiomycetes,Eurotiomycetidae,Eurotiales,Aspergillaceae,Aspergillus
BGC0002614	BGC0002614	Penicillium shearii IFM 42152 DNA, diterpenoid pyrones biosynthesis gene cluster	terpene.T1PKS	Others	Penicillium shearii	Eukaryota,Fungi,Dikarya,Ascomycota,Pezizomycotina,Eurotiomycetes,Eurotiomycetidae,Eurotiales,Aspergillaceae,Penicillium
BGC0002618	BGC0002618	Penicillium crustosum strain PN2402 penitremane gene cluster, partial sequence	NRPS.indole.terpene	Others	Penicillium crustosum	Eukaryota,Fungi,Dikarya,Ascomycota,Pezizomycotina,Eurotiomycetes,Eurotiomycetidae,Eurotiales,Aspergillaceae,Penicillium
BGC0002651	BGC0002651	Rosellinia necatrix DNA, scaffold: Contig87, strain: W97, whole genome shotgun sequence	terpene	Terpene	Rosellinia necatrix	Eukaryota,Fungi,Dikarya,Ascomycota,Pezizomycotina,Sordariomycetes,Xylariomycetidae,Xylariales,Xylariaceae,Rosellinia
BGC0002666	BGC0002666	Streptomyces sp. MA37 legonmycins biosynthesis gene cluster, complete sequence	NRPS.terpene.NRPS-like	Others	Streptomyces sp. MA37	Bacteria,Actinobacteria,Streptomycetales,Streptomycetaceae,Streptomyces
BGC0002707	BGC0002707	Coniophora puteana RWD-64-598 SS2 unplaced genomic scaffold CONPUscaffold_3, whole genome shotgun sequence	terpene	Terpene	Coniophora puteana RWD-64-598 SS2	Eukaryota,Fungi,Dikarya,Basidiomycota,Agaricomycotina,Agaricomycetes,Agaricomycetidae,Boletales,Coniophorineae,Coniophoraceae,Coniophora
BGC0002708	BGC0002708	Coniophora puteana RWD-64-598 SS2 unplaced genomic scaffold CONPUscaffold_3, whole genome shotgun sequence	terpene	Terpene	Coniophora puteana RWD-64-598 SS2	Eukaryota,Fungi,Dikarya,Basidiomycota,Agaricomycotina,Agaricomycetes,Agaricomycetidae,Boletales,Coniophorineae,Coniophoraceae,Coniophora
BGC0002723	BGC0002723	Jatropha curcas isolate ELGS0001-1231 unplaced genomic scaffold, RJC1_Hi-C scaffold_928, whole genome shotgun sequence	terpene	Terpene	Jatropha curcas	Eukaryota,Viridiplantae,Streptophyta,Embryophyta,Tracheophyta,Spermatophyta,Magnoliopsida,eudicotyledons,Gunneridae,Pentapetalae,rosids,fabids,Malpighiales,Euphorbiaceae,Crotonoideae,Jatropheae,Jatropha
BGC0002724	BGC0002724	Jatropha curcas isolate ELGS0001-1231 unplaced genomic scaffold, RJC1_Hi-C scaffold_989, whole genome shotgun sequence	terpene	Terpene	Jatropha curcas	Eukaryota,Viridiplantae,Streptophyta,Embryophyta,Tracheophyta,Spermatophyta,Magnoliopsida,eudicotyledons,Gunneridae,Pentapetalae,rosids,fabids,Malpighiales,Euphorbiaceae,Crotonoideae,Jatropheae,Jatropha
samp_4310_metabat2_90_contig_134_terpene.region001	samp_4310_metabat2_90_contig_134_terpene	samp_4310_metabat2_90_contig_134_terpene	terpene	Terpene		
samp_4313_concoct_735_contig_188_terpene.region001	samp_4313_concoct_735_contig_188_terpene	samp_4313_concoct_735_contig_188_terpene	terpene	Terpene		
samp_4313_concoct_735_contig_94_terpene.region001	samp_4313_concoct_735_contig_94_terpene	samp_4313_concoct_735_contig_94_terpene	terpene	Terpene		
samp_4317_concoct_68_contig_406_terpene.region001	samp_4317_concoct_68_contig_406_terpene	samp_4317_concoct_68_contig_406_terpene	terpene	Terpene		
samp_4318_metabat2_38_contig_498_terpene.region001	samp_4318_metabat2_38_contig_498_terpene	samp_4318_metabat2_38_contig_498_terpene	terpene	Terpene		
samp_4319_VAMB_955_contig_178_terpene.region001	samp_4319_VAMB_955_contig_178_terpene	samp_4319_VAMB_955_contig_178_terpene	terpene	Terpene		
samp_4319_VAMB_955_contig_444_terpene.region001	samp_4319_VAMB_955_contig_444_terpene	samp_4319_VAMB_955_contig_444_terpene	terpene	Terpene		
samp_4320_metadecoder_628_contig_198_terpene.region001	samp_4320_metadecoder_628_contig_198_terpene	samp_4320_metadecoder_628_contig_198_terpene	terpene	Terpene		
samp_4320_metadecoder_702_contig_50_terpene.region001	samp_4320_metadecoder_702_contig_50_terpene	samp_4320_metadecoder_702_contig_50_terpene / NRPS-like	terpene.NRPS-like	Others		
samp_4321_concoct_295_contig_35_terpene.region001	samp_4321_concoct_295_contig_35_terpene	samp_4321_concoct_295_contig_35_terpene	terpene	Terpene		
samp_4321_maxbin_137_contig_210_terpene.region001	samp_4321_maxbin_137_contig_210_terpene	samp_4321_maxbin_137_contig_210_terpene	terpene	Terpene		
samp_4321_maxbin_137_contig_261_terpene.region001	samp_4321_maxbin_137_contig_261_terpene	samp_4321_maxbin_137_contig_261_terpene	terpene	Terpene		
samp_4322_concoct_184_contig_278_terpene.region001	samp_4322_concoct_184_contig_278_terpene	samp_4322_concoct_184_contig_278_terpene	terpene	Terpene		
samp_4322_metabat2_24_contig_181_terpene.region001	samp_4322_metabat2_24_contig_181_terpene	samp_4322_metabat2_24_contig_181_terpene	terpene	Terpene		
samp_4324_maxbin_53_contig_286_terpene.region001	samp_4324_maxbin_53_contig_286_terpene	samp_4324_maxbin_53_contig_286_terpene	terpene	Terpene		
samp_4324_maxbin_57_contig_128_terpene.region001	samp_4324_maxbin_57_contig_128_terpene	samp_4324_maxbin_57_contig_128_terpene	terpene	Terpene		
samp_4324_maxbin_57_contig_447_terpene.region001	samp_4324_maxbin_57_contig_447_terpene	samp_4324_maxbin_57_contig_447_terpene	terpene	Terpene		
samp_4324_maxbin_57_contig_776_terpene.region001	samp_4324_maxbin_57_contig_776_terpene	samp_4324_maxbin_57_contig_776_terpene	terpene	Terpene		
samp_4331_metabat2_120_contig_210_terpene.region001	samp_4331_metabat2_120_contig_210_terpene	samp_4331_metabat2_120_contig_210_terpene	terpene	Terpene		
samp_4331_metabat2_120_contig_60_terpene.region001	samp_4331_metabat2_120_contig_60_terpene	samp_4331_metabat2_120_contig_60_terpene	terpene	Terpene		
samp_4332_VAMB_1153_contig_44_terpene.region001	samp_4332_VAMB_1153_contig_44_terpene	samp_4332_VAMB_1153_contig_44_terpene	terpene	Terpene		
samp_4332_VAMB_1153_contig_99_terpene.region001	samp_4332_VAMB_1153_contig_99_terpene	samp_4332_VAMB_1153_contig_99_terpene	terpene	Terpene		
samp_4434_metabat2_58_contig_508_T1PKS.region001	samp_4434_metabat2_58_contig_508_T1PKS	samp_4434_metabat2_58_contig_508_T1PKS / terpene	terpene.T1PKS	Others		
samp_4434_semibin_67_contig_168_terpene.region001	samp_4434_semibin_67_contig_168_terpene	samp_4434_semibin_67_contig_168_terpene	terpene	Terpene		
samp_4434_semibin_67_contig_175_terpene.region001	samp_4434_semibin_67_contig_175_terpene	samp_4434_semibin_67_contig_175_terpene	terpene	Terpene		
samp_4435_VAMB_805_contig_126_terpene.region001	samp_4435_VAMB_805_contig_126_terpene	samp_4435_VAMB_805_contig_126_terpene	terpene	Terpene		
samp_4435_VAMB_805_contig_137_terpene.region001	samp_4435_VAMB_805_contig_137_terpene	samp_4435_VAMB_805_contig_137_terpene	terpene	Terpene		
samp_4435_concoct_1904_contig_173_terpene.region001	samp_4435_concoct_1904_contig_173_terpene	samp_4435_concoct_1904_contig_173_terpene	terpene	Terpene		
samp_4435_concoct_1904_contig_2065_terpene.region001	samp_4435_concoct_1904_contig_2065_terpene	samp_4435_concoct_1904_contig_2065_terpene	terpene	Terpene		
samp_4435_maxbin_422_contig_157_terpene.region001	samp_4435_maxbin_422_contig_157_terpene	samp_4435_maxbin_422_contig_157_terpene	terpene	Terpene		
samp_4435_maxbin_422_contig_364_terpene.region001	samp_4435_maxbin_422_contig_364_terpene	samp_4435_maxbin_422_contig_364_terpene	terpene	Terpene		
samp_4435_maxbin_440_contig_357_terpene.region001	samp_4435_maxbin_440_contig_357_terpene	samp_4435_maxbin_440_contig_357_terpene	terpene	Terpene		
samp_4435_maxbin_440_contig_634_terpene.region001	samp_4435_maxbin_440_contig_634_terpene	samp_4435_maxbin_440_contig_634_terpene	terpene	Terpene		
samp_4443_VAMB_1051_contig_58_terpene.region001	samp_4443_VAMB_1051_contig_58_terpene	samp_4443_VAMB_1051_contig_58_terpene	terpene	Terpene		
samp_4443_concoct_2141_contig_81_terpene.region001	samp_4443_concoct_2141_contig_81_terpene	samp_4443_concoct_2141_contig_81_terpene	terpene	Terpene		
samp_4443_maxbin_277_contig_38_terpene.region001	samp_4443_maxbin_277_contig_38_terpene	samp_4443_maxbin_277_contig_38_terpene	terpene	Terpene		
samp_4443_metabat2_120_contig_110_terpene.region001	samp_4443_metabat2_120_contig_110_terpene	samp_4443_metabat2_120_contig_110_terpene	terpene	Terpene		
samp_4443_metabat2_120_contig_75_terpene.region001	samp_4443_metabat2_120_contig_75_terpene	samp_4443_metabat2_120_contig_75_terpene	terpene	Terpene		
samp_4443_semibin_319_contig_86_terpene.region001	samp_4443_semibin_319_contig_86_terpene	samp_4443_semibin_319_contig_86_terpene	terpene	Terpene		
samp_4443_semibin_379_contig_6_terpene.region001	samp_4443_semibin_379_contig_6_terpene	samp_4443_semibin_379_contig_6_terpene	terpene	Terpene		
samp_4443_semibin_400_contig_169_terpene.region001	samp_4443_semibin_400_contig_169_terpene	samp_4443_semibin_400_contig_169_terpene	terpene	Terpene		
samp_4443_semibin_466_contig_149_terpene.region001	samp_4443_semibin_466_contig_149_terpene	samp_4443_semibin_466_contig_149_terpene	terpene	Terpene		
samp_4443_semibin_480_contig_163_terpene.region001	samp_4443_semibin_480_contig_163_terpene	samp_4443_semibin_480_contig_163_terpene	terpene	Terpene		
samp_4444_maxbin_831_contig_107_terpene.region001	samp_4444_maxbin_831_contig_107_terpene	samp_4444_maxbin_831_contig_107_terpene	terpene	Terpene		
samp_4444_maxbin_831_contig_286_terpene.region001	samp_4444_maxbin_831_contig_286_terpene	samp_4444_maxbin_831_contig_286_terpene	terpene	Terpene		
samp_4444_metabat2_114_contig_228_terpene.region001	samp_4444_metabat2_114_contig_228_terpene	samp_4444_metabat2_114_contig_228_terpene	terpene	Terpene		
samp_4444_metabat2_168_contig_614_terpene.region001	samp_4444_metabat2_168_contig_614_terpene	samp_4444_metabat2_168_contig_614_terpene	terpene	Terpene		
samp_4444_metabat2_171_contig_181_terpene.region001	samp_4444_metabat2_171_contig_181_terpene	samp_4444_metabat2_171_contig_181_terpene	terpene	Terpene		
samp_4444_metabat2_185_contig_418_terpene.region001	samp_4444_metabat2_185_contig_418_terpene	samp_4444_metabat2_185_contig_418_terpene	terpene	Terpene		
samp_4444_metabat2_75_contig_469_terpene.region001	samp_4444_metabat2_75_contig_469_terpene	samp_4444_metabat2_75_contig_469_terpene	terpene	Terpene		
samp_4444_metabat2_78_contig_113_terpene.region001	samp_4444_metabat2_78_contig_113_terpene	samp_4444_metabat2_78_contig_113_terpene	terpene	Terpene		
samp_4444_metabat2_78_contig_58_terpene.region001	samp_4444_metabat2_78_contig_58_terpene	samp_4444_metabat2_78_contig_58_terpene	terpene	Terpene		
samp_4444_metadecoder_351_contig_152_terpene.region001	samp_4444_metadecoder_351_contig_152_terpene	samp_4444_metadecoder_351_contig_152_terpene	terpene	Terpene		
samp_4444_semibin_481_contig_179_terpene.region001	samp_4444_semibin_481_contig_179_terpene	samp_4444_semibin_481_contig_179_terpene	terpene	Terpene		
samp_4444_semibin_482_contig_165_terpene.region001	samp_4444_semibin_482_contig_165_terpene	samp_4444_semibin_482_contig_165_terpene	terpene	Terpene		
samp_4444_semibin_482_contig_216_terpene.region001	samp_4444_semibin_482_contig_216_terpene	samp_4444_semibin_482_contig_216_terpene	terpene	Terpene		
samp_4444_semibin_496_contig_283_terpene.region001	samp_4444_semibin_496_contig_283_terpene	samp_4444_semibin_496_contig_283_terpene	terpene	Terpene		
samp_4444_semibin_500_contig_4_terpene.region001	samp_4444_semibin_500_contig_4_terpene	samp_4444_semibin_500_contig_4_terpene	terpene	Terpene		
samp_4444_semibin_569_contig_138_terpene.region001	samp_4444_semibin_569_contig_138_terpene	samp_4444_semibin_569_contig_138_terpene	terpene	Terpene		
samp_4445_VAMB_1115_contig_244_terpene.region001	samp_4445_VAMB_1115_contig_244_terpene	samp_4445_VAMB_1115_contig_244_terpene	terpene	Terpene		
samp_4445_VAMB_590_contig_249_terpene.region001	samp_4445_VAMB_590_contig_249_terpene	samp_4445_VAMB_590_contig_249_terpene	terpene	Terpene		
samp_4445_VAMB_590_contig_323_terpene.region001	samp_4445_VAMB_590_contig_323_terpene	samp_4445_VAMB_590_contig_323_terpene	terpene	Terpene		
samp_4445_concoct_1447_contig_111_terpene.region001	samp_4445_concoct_1447_contig_111_terpene	samp_4445_concoct_1447_contig_111_terpene	terpene	Terpene		
samp_4445_concoct_1447_contig_277_terpene.region001	samp_4445_concoct_1447_contig_277_terpene	samp_4445_concoct_1447_contig_277_terpene	terpene	Terpene		
samp_4445_concoct_1532_contig_132_terpene.region001	samp_4445_concoct_1532_contig_132_terpene	samp_4445_concoct_1532_contig_132_terpene	terpene	Terpene		
samp_4445_maxbin_221_contig_370_terpene.region001	samp_4445_maxbin_221_contig_370_terpene	samp_4445_maxbin_221_contig_370_terpene	terpene	Terpene		
samp_4445_maxbin_504_contig_64_terpene.region001	samp_4445_maxbin_504_contig_64_terpene	samp_4445_maxbin_504_contig_64_terpene	terpene	Terpene		
samp_4445_metabat2_158_contig_342_terpene.region001	samp_4445_metabat2_158_contig_342_terpene	samp_4445_metabat2_158_contig_342_terpene	terpene	Terpene		
samp_4445_metabat2_158_contig_419_terpene.region001	samp_4445_metabat2_158_contig_419_terpene	samp_4445_metabat2_158_contig_419_terpene	terpene	Terpene		
samp_4445_metabat2_36_contig_20_terpene.region001	samp_4445_metabat2_36_contig_20_terpene	samp_4445_metabat2_36_contig_20_terpene	terpene	Terpene		
samp_4445_metabat2_36_contig_61_terpene.region001	samp_4445_metabat2_36_contig_61_terpene	samp_4445_metabat2_36_contig_61_terpene	terpene	Terpene		
samp_4445_metabat2_46_contig_482_terpene.region001	samp_4445_metabat2_46_contig_482_terpene	samp_4445_metabat2_46_contig_482_terpene	terpene	Terpene		
samp_4445_metabat2_46_contig_72_terpene.region001	samp_4445_metabat2_46_contig_72_terpene	samp_4445_metabat2_46_contig_72_terpene	terpene	Terpene		
samp_4445_metabat2_59_contig_300_terpene.region001	samp_4445_metabat2_59_contig_300_terpene	samp_4445_metabat2_59_contig_300_terpene	terpene	Terpene		
samp_4445_semibin_342_contig_154_terpene.region001	samp_4445_semibin_342_contig_154_terpene	samp_4445_semibin_342_contig_154_terpene	terpene	Terpene		
samp_4445_semibin_342_contig_168_terpene.region001	samp_4445_semibin_342_contig_168_terpene	samp_4445_semibin_342_contig_168_terpene	terpene	Terpene		
samp_4445_semibin_366_contig_76_terpene.region001	samp_4445_semibin_366_contig_76_terpene	samp_4445_semibin_366_contig_76_terpene	terpene	Terpene		
samp_4445_semibin_379_contig_677_terpene.region001	samp_4445_semibin_379_contig_677_terpene	samp_4445_semibin_379_contig_677_terpene	terpene	Terpene		
samp_4445_semibin_421_contig_279_terpene.region001	samp_4445_semibin_421_contig_279_terpene	samp_4445_semibin_421_contig_279_terpene	terpene	Terpene		
samp_4445_semibin_421_contig_292_terpene.region001	samp_4445_semibin_421_contig_292_terpene	samp_4445_semibin_421_contig_292_terpene	terpene	Terpene		
samp_4446_VAMB_171_contig_132_terpene.region001	samp_4446_VAMB_171_contig_132_terpene	samp_4446_VAMB_171_contig_132_terpene	terpene	Terpene		
samp_4446_VAMB_96_contig_306_terpene.region001	samp_4446_VAMB_96_contig_306_terpene	samp_4446_VAMB_96_contig_306_terpene	terpene	Terpene		
samp_4446_VAMB_97_contig_192_cyanobactin.region001	samp_4446_VAMB_97_contig_192_cyanobactin	samp_4446_VAMB_97_contig_192_cyanobactin / terpene	cyanobactin.terpene	Others		
samp_4447_VAMB_322_contig_31_terpene.region001	samp_4447_VAMB_322_contig_31_terpene	samp_4447_VAMB_322_contig_31_terpene	terpene	Terpene		
samp_4447_VAMB_322_contig_532_terpene.region001	samp_4447_VAMB_322_contig_532_terpene	samp_4447_VAMB_322_contig_532_terpene	terpene	Terpene		
samp_4447_VAMB_472_contig_32_terpene.region001	samp_4447_VAMB_472_contig_32_terpene	samp_4447_VAMB_472_contig_32_terpene	terpene	Terpene		
samp_4447_VAMB_472_contig_346_terpene.region001	samp_4447_VAMB_472_contig_346_terpene	samp_4447_VAMB_472_contig_346_terpene	terpene	Terpene		
samp_4447_concoct_1018_contig_976_terpene.region001	samp_4447_concoct_1018_contig_976_terpene	samp_4447_concoct_1018_contig_976_terpene	terpene	Terpene		
samp_4447_metabat2_80_contig_110_terpene.region001	samp_4447_metabat2_80_contig_110_terpene	samp_4447_metabat2_80_contig_110_terpene	terpene	Terpene		
samp_4448_VAMB_839_contig_142_terpene.region001	samp_4448_VAMB_839_contig_142_terpene	samp_4448_VAMB_839_contig_142_terpene / oligosaccharide	terpene.oligosaccharide	Others		
samp_4448_VAMB_839_contig_1804_terpene.region001	samp_4448_VAMB_839_contig_1804_terpene	samp_4448_VAMB_839_contig_1804_terpene	terpene	Terpene		
samp_4448_VAMB_889_contig_147_terpene.region001	samp_4448_VAMB_889_contig_147_terpene	samp_4448_VAMB_889_contig_147_terpene	terpene	Terpene		
samp_4448_concoct_1792_contig_692_terpene.region001	samp_4448_concoct_1792_contig_692_terpene	samp_4448_concoct_1792_contig_692_terpene	terpene	Terpene		
samp_4448_metabat2_83_contig_176_terpene.region001	samp_4448_metabat2_83_contig_176_terpene	samp_4448_metabat2_83_contig_176_terpene	terpene	Terpene		
