"","MAG","Site","Sample","Completeness (%)","Contamination (%)","Strain Heterogeneity (%)","Domain","Phylum","Class","Order","Family","Genus","Species","Size (Mbp)","No. of Contigs","GC Content (%)","N50"
"1","samp_4307_VAMB_554","7. Asembo Bay","samp_4307",99.22,5.89,87.5,"Bacteria","Cyanobacteria","Cyanobacteriia","Cyanobacteriales","Nostocaceae","Dolichospermum","",5.543127,1929,36.7,12877
"2","samp_4307_VAMB_963","7. Asembo Bay","samp_4307",99.22,9.22,68.25,"Bacteria","Cyanobacteria","Cyanobacteriia","Cyanobacteriales","Nostocaceae","Dolichospermum","",6.276839,3036,37.1,10306
"3","samp_4307_concoct_266","7. Asembo Bay","samp_4307",99,3.07,83.33,"Bacteria","Cyanobacteria","Cyanobacteriia","Cyanobacteriales","Nostocaceae","Dolichospermum","",5.110563,820,37.1,14872
"4","samp_4307_metabat2_71","7. Asembo Bay","samp_4307",97.44,1.41,75,"Bacteria","Cyanobacteria","Cyanobacteriia","Cyanobacteriales","Nostocaceae","Dolichospermum","",4.285282,388,36.9,17811
"5","samp_4307_metadecoder_439","7. Asembo Bay","samp_4307",96.88,1.41,75,"Bacteria","Cyanobacteria","Cyanobacteriia","Cyanobacteriales","Nostocaceae","Dolichospermum","",4.067603,312,37,18584
"6","samp_4307_semibin_116","7. Asembo Bay","samp_4307",97.44,1.52,77.78,"Bacteria","Cyanobacteria","Cyanobacteriia","Cyanobacteriales","Nostocaceae","Dolichospermum","",4.304576,379,37.1,17661
"7","samp_4308_VAMB_457","7. Asembo Bay","samp_4308",99,4.26,79.31,"Bacteria","Cyanobacteria","Cyanobacteriia","Cyanobacteriales","Nostocaceae","Dolichospermum","",5.339871,1602,36.8,14275
"8","samp_4308_concoct_206","7. Asembo Bay","samp_4308",99,2.41,60,"Bacteria","Cyanobacteria","Cyanobacteriia","Cyanobacteriales","Nostocaceae","Dolichospermum","",5.156008,847,37.1,15608
"9","samp_4308_metabat2_50","7. Asembo Bay","samp_4308",97.11,0.85,57.14,"Bacteria","Cyanobacteria","Cyanobacteriia","Cyanobacteriales","Nostocaceae","Dolichospermum","",4.247285,369,36.9,18252
"10","samp_4308_metadecoder_368","7. Asembo Bay","samp_4308",96.22,0.3,0,"Bacteria","Cyanobacteria","Cyanobacteriia","Cyanobacteriales","Nostocaceae","Dolichospermum","",4.060708,299,37,18607
"11","samp_4308_semibin_112","7. Asembo Bay","samp_4308",97.44,0.85,40,"Bacteria","Cyanobacteria","Cyanobacteriia","Cyanobacteriales","Nostocaceae","Dolichospermum","",4.329799,369,37.1,18215
"12","samp_4311_VAMB_728","9. Mid Gulf","samp_4311",99,2.85,83.33,"Bacteria","Cyanobacteria","Cyanobacteriia","Cyanobacteriales","Nostocaceae","Dolichospermum","",5.000063,1240,36.8,19224
"13","samp_4311_concoct_412","9. Mid Gulf","samp_4311",99,1.41,42.86,"Bacteria","Cyanobacteria","Cyanobacteriia","Cyanobacteriales","Nostocaceae","Dolichospermum","",4.963826,658,37.1,19389
"14","samp_4311_maxbin_532","9. Mid Gulf","samp_4311",96.22,0.22,0,"Bacteria","Cyanobacteria","Cyanobacteriia","Cyanobacteriales","Nostocaceae","Dolichospermum","",4.010508,265,37.4,22523
"15","samp_4311_metabat2_56","9. Mid Gulf","samp_4311",97.11,0.74,25,"Bacteria","Cyanobacteria","Cyanobacteriia","Cyanobacteriales","Nostocaceae","Dolichospermum","",4.228192,293,37,21733
"16","samp_4311_metadecoder_629","9. Mid Gulf","samp_4311",96,0.3,0,"Bacteria","Cyanobacteria","Cyanobacteriia","Cyanobacteriales","Nostocaceae","Dolichospermum","",4.053242,242,37,22523
"17","samp_4311_semibin_181","9. Mid Gulf","samp_4311",97.33,0.96,20,"Bacteria","Cyanobacteria","Cyanobacteriia","Cyanobacteriales","Nostocaceae","Dolichospermum","",4.371571,323,37.1,21334
"18","samp_4312_VAMB_820","9. Mid Gulf","samp_4312",98.89,2.07,72.73,"Bacteria","Cyanobacteria","Cyanobacteriia","Cyanobacteriales","Nostocaceae","Dolichospermum","",4.976007,1333,36.7,19690
"19","samp_4312_concoct_454","9. Mid Gulf","samp_4312",99.44,1.07,50,"Bacteria","Cyanobacteria","Cyanobacteriia","Cyanobacteriales","Nostocaceae","Dolichospermum","",4.98812,675,37.1,20289
"20","samp_4312_maxbin_178","9. Mid Gulf","samp_4312",97.78,0.63,25,"Bacteria","Cyanobacteria","Cyanobacteriia","Cyanobacteriales","Nostocaceae","Dolichospermum","",4.14069,280,37.3,23516
"21","samp_4312_metabat2_4","9. Mid Gulf","samp_4312",98.44,0.52,0,"Bacteria","Cyanobacteria","Cyanobacteriia","Cyanobacteriales","Nostocaceae","Dolichospermum","",4.248357,295,36.9,23208
"22","samp_4312_metadecoder_625","9. Mid Gulf","samp_4312",97.88,0.45,0,"Bacteria","Cyanobacteria","Cyanobacteriia","Cyanobacteriales","Nostocaceae","Dolichospermum","",4.114139,248,37,23516
"23","samp_4312_semibin_243","9. Mid Gulf","samp_4312",98.11,0.45,0,"Bacteria","Cyanobacteria","Cyanobacteriia","Cyanobacteriales","Nostocaceae","Dolichospermum","",4.383509,319,37.2,23146
"24","samp_4315_VAMB_280","5. Mbita East","samp_4315",92.91,5.74,60,"Bacteria","Cyanobacteria","Cyanobacteriia","Cyanobacteriales","Microcystaceae","Microcystis","Microcystis panniformis_A",4.230761,2568,43.5,2116
"25","samp_4315_VAMB_286","5. Mbita East","samp_4315",96.36,2.38,53.85,"Bacteria","Cyanobacteria","Cyanobacteriia","Cyanobacteriales","Nostocaceae","Dolichospermum","",3.87358,1731,37.4,3273
"26","samp_4315_concoct_98","5. Mbita East","samp_4315",95.09,1.49,55.56,"Bacteria","Cyanobacteria","Cyanobacteriia","Cyanobacteriales","Nostocaceae","Dolichospermum","",3.688962,1297,37.8,3482
"27","samp_4317_VAMB_199","1. Homa Bay","samp_4317",98.44,7.28,58.7,"Bacteria","Cyanobacteria","Cyanobacteriia","Cyanobacteriales","Nostocaceae","Dolichospermum","",5.491225,1535,36.7,13426
"28","samp_4317_VAMB_212","1. Homa Bay","samp_4317",98.03,1.57,66.67,"Bacteria","Cyanobacteria","Cyanobacteriia","Cyanobacteriales","Microcystaceae","Microcystis","Microcystis panniformis_A",5.734706,1178,42.3,11322
"29","samp_4317_concoct_68","1. Homa Bay","samp_4317",97.77,2.3,33.33,"Bacteria","Cyanobacteria","Cyanobacteriia","Cyanobacteriales","Nostocaceae","Dolichospermum","",4.48762,482,37,16552
"30","samp_4317_concoct_87","1. Homa Bay","samp_4317",97.92,1.68,36.36,"Bacteria","Cyanobacteria","Cyanobacteriia","Cyanobacteriales","Microcystaceae","Microcystis","Microcystis panniformis_A",5.504763,693,42.6,11841
"31","samp_4317_maxbin_23","1. Homa Bay","samp_4317",96.66,2.08,27.27,"Bacteria","Cyanobacteria","Cyanobacteriia","Cyanobacteriales","Nostocaceae","Dolichospermum","",4.393427,409,37.4,17018
"32","samp_4317_maxbin_26","1. Homa Bay","samp_4317",95.72,1.02,28.57,"Bacteria","Cyanobacteria","Cyanobacteriia","Cyanobacteriales","Microcystaceae","Microcystis","Microcystis panniformis_A",5.590858,687,42.5,11617
"33","samp_4317_metabat2_4","1. Homa Bay","samp_4317",95.07,0.8,33.33,"Bacteria","Cyanobacteria","Cyanobacteriia","Cyanobacteriales","Microcystaceae","Microcystis","Microcystis panniformis_A",5.222033,588,42.6,12088
"34","samp_4317_metabat2_5","1. Homa Bay","samp_4317",96.44,2.3,23.08,"Bacteria","Cyanobacteria","Cyanobacteriia","Cyanobacteriales","Nostocaceae","Dolichospermum","",4.263722,367,37,17343
"35","samp_4317_metadecoder_183","1. Homa Bay","samp_4317",94.58,1.34,14.29,"Bacteria","Cyanobacteria","Cyanobacteriia","Cyanobacteriales","Nostocaceae","Dolichospermum","",3.833031,249,37.1,20806
"36","samp_4318_VAMB_378","1. Homa Bay","samp_4318",99.89,3,81.25,"Bacteria","Cyanobacteria","Cyanobacteriia","Cyanobacteriales","Microcystaceae","Microcystis","Microcystis panniformis_A",6.084797,1216,42.5,11080
"37","samp_4318_VAMB_401","1. Homa Bay","samp_4318",98.66,6.27,76.32,"Bacteria","Cyanobacteria","Cyanobacteriia","Cyanobacteriales","Nostocaceae","Dolichospermum","",5.438796,1369,36.6,14397
"38","samp_4318_concoct_178","1. Homa Bay","samp_4318",99.44,3.86,78.26,"Bacteria","Cyanobacteria","Cyanobacteriia","Cyanobacteriales","Nostocaceae","Dolichospermum","",5.111779,741,36.8,15782
"39","samp_4318_concoct_196","1. Homa Bay","samp_4318",99.45,2.12,66.67,"Bacteria","Cyanobacteria","Cyanobacteriia","Cyanobacteriales","Microcystaceae","Microcystis","Microcystis panniformis_A",5.676893,714,42.6,12193
"40","samp_4318_metabat2_38","1. Homa Bay","samp_4318",96.38,1.02,66.67,"Bacteria","Cyanobacteria","Cyanobacteriia","Cyanobacteriales","Microcystaceae","Microcystis","Microcystis panniformis_A",5.142841,536,42.5,13384
"41","samp_4318_metabat2_46","1. Homa Bay","samp_4318",96.66,0.85,60,"Bacteria","Cyanobacteria","Cyanobacteriia","Cyanobacteriales","Nostocaceae","Dolichospermum","",4.268923,370,36.9,18604
"42","samp_4318_metadecoder_316","1. Homa Bay","samp_4318",91.09,0.45,50,"Bacteria","Cyanobacteria","Cyanobacteriia","Cyanobacteriales","Nostocaceae","Dolichospermum","",3.723757,229,37.1,19921
"43","samp_4318_semibin_75","1. Homa Bay","samp_4318",96.6,1.24,50,"Bacteria","Cyanobacteria","Cyanobacteriia","Cyanobacteriales","Microcystaceae","Microcystis","Microcystis panniformis_A",5.238509,528,42.7,13323
"44","samp_4318_semibin_78","1. Homa Bay","samp_4318",96.66,0.78,75,"Bacteria","Cyanobacteria","Cyanobacteriia","Cyanobacteriales","Nostocaceae","Dolichospermum","",4.119784,324,37.2,18676
"45","samp_4319_VAMB_955","4. Soklo","samp_4319",98.19,8.41,90,"Bacteria","Cyanobacteria","Cyanobacteriia","Cyanobacteriales","Microcystaceae","Microcystis","Microcystis panniformis_A",5.841585,1100,42.4,9519
"46","samp_4319_VAMB_975","4. Soklo","samp_4319",97.77,6.31,75.68,"Bacteria","Cyanobacteria","Cyanobacteriia","Cyanobacteriales","Nostocaceae","Dolichospermum","",5.323453,1210,36.6,13004
"47","samp_4319_concoct_522","4. Soklo","samp_4319",99,5.53,73.53,"Bacteria","Cyanobacteria","Cyanobacteriia","Cyanobacteriales","Nostocaceae","Dolichospermum","",6.235452,1345,36.9,10714
"48","samp_4319_concoct_637","4. Soklo","samp_4319",98.57,7.36,77.08,"Bacteria","Cyanobacteria","Cyanobacteriia","Cyanobacteriales","Microcystaceae","Microcystis","Microcystis panniformis_A",6.30717,1030,42.5,9278
"49","samp_4319_maxbin_392","4. Soklo","samp_4319",95.56,6.15,77.78,"Bacteria","Cyanobacteria","Cyanobacteriia","Cyanobacteriales","Microcystaceae","Microcystis","Microcystis panniformis_A",5.748513,790,42.5,9877
"50","samp_4319_maxbin_413","4. Soklo","samp_4319",96.56,1.63,60,"Bacteria","Cyanobacteria","Cyanobacteriia","Cyanobacteriales","Nostocaceae","Dolichospermum","",4.435288,433,37.3,16340
"51","samp_4319_metabat2_123","4. Soklo","samp_4319",94.52,5.41,93.1,"Bacteria","Cyanobacteria","Cyanobacteriia","Cyanobacteriales","Microcystaceae","Microcystis","Microcystis panniformis_A",5.259424,661,42.4,10700
"52","samp_4319_metabat2_91","4. Soklo","samp_4319",95,1.52,50,"Bacteria","Cyanobacteria","Cyanobacteriia","Cyanobacteriales","Nostocaceae","Dolichospermum","",4.286342,391,36.9,16722
"53","samp_4319_metadecoder_850","4. Soklo","samp_4319",95.43,0.78,75,"Bacteria","Cyanobacteria","Cyanobacteriia","Cyanobacteriales","Nostocaceae","Dolichospermum","",3.881112,278,37.1,18924
"54","samp_4319_semibin_177","4. Soklo","samp_4319",96.33,1.11,71.43,"Bacteria","Cyanobacteria","Cyanobacteriia","Cyanobacteriales","Nostocaceae","Dolichospermum","",4.382921,396,37.3,16537
"55","samp_4320_VAMB_761","4. Soklo","samp_4320",98.44,5.53,82.35,"Bacteria","Cyanobacteria","Cyanobacteriia","Cyanobacteriales","Nostocaceae","Dolichospermum","",5.445985,1307,36.5,13788
"56","samp_4320_VAMB_762","4. Soklo","samp_4320",99.45,6.18,77.14,"Bacteria","Cyanobacteria","Cyanobacteriia","Cyanobacteriales","Microcystaceae","Microcystis","Microcystis panniformis_A",5.637441,959,42.7,10626
"57","samp_4320_concoct_383","4. Soklo","samp_4320",97.99,3.36,63.16,"Bacteria","Cyanobacteria","Cyanobacteriia","Cyanobacteriales","Microcystaceae","Microcystis","Microcystis panniformis_A",5.950439,850,42.6,10437
"58","samp_4320_concoct_456","4. Soklo","samp_4320",99.44,5.31,63.33,"Bacteria","Cyanobacteria","Cyanobacteriia","Cyanobacteriales","Nostocaceae","Dolichospermum","",6.152973,1276,37,11021
"59","samp_4320_maxbin_308","4. Soklo","samp_4320",96.44,2.08,54.55,"Bacteria","Cyanobacteria","Cyanobacteriia","Cyanobacteriales","Nostocaceae","Dolichospermum","",4.41497,416,37.3,17201
"60","samp_4320_maxbin_328","4. Soklo","samp_4320",96.05,2.12,38.46,"Bacteria","Cyanobacteria","Cyanobacteriia","Cyanobacteriales","Microcystaceae","Microcystis","Microcystis panniformis_A",5.795034,753,42.4,10476
"61","samp_4320_metabat2_17","4. Soklo","samp_4320",94.65,1.41,50,"Bacteria","Cyanobacteria","Cyanobacteriia","Cyanobacteriales","Nostocaceae","Dolichospermum","",4.190724,347,37,17898
"62","samp_4320_metabat2_94","4. Soklo","samp_4320",95.94,2.56,50,"Bacteria","Cyanobacteria","Cyanobacteriia","Cyanobacteriales","Microcystaceae","Microcystis","Microcystis panniformis_A",5.287943,612,42.6,11473
"63","samp_4320_metadecoder_628","4. Soklo","samp_4320",90.57,1.61,75,"Bacteria","Cyanobacteria","Cyanobacteriia","Cyanobacteriales","Microcystaceae","Microcystis","Microcystis panniformis_A",4.451957,424,42.8,12674
"64","samp_4320_metadecoder_702","4. Soklo","samp_4320",93.1,1.11,83.33,"Bacteria","Cyanobacteria","Cyanobacteriia","Cyanobacteriales","Nostocaceae","Dolichospermum","",3.92019,270,37,19408
"65","samp_4320_semibin_145","4. Soklo","samp_4320",94.63,2.34,58.33,"Bacteria","Cyanobacteria","Cyanobacteriia","Cyanobacteriales","Microcystaceae","Microcystis","Microcystis panniformis_A",5.253573,593,42.6,11473
"66","samp_4320_semibin_228","4. Soklo","samp_4320",95.55,1.78,66.67,"Bacteria","Cyanobacteria","Cyanobacteriia","Cyanobacteriales","Nostocaceae","Dolichospermum","",4.203838,340,37.1,17898
"67","samp_4321_VAMB_590","2. Homa Bay Pier","samp_4321",97.29,6.76,79.49,"Bacteria","Cyanobacteria","Cyanobacteriia","Cyanobacteriales","Nostocaceae","Dolichospermum","",5.230003,1122,36.5,12682
"68","samp_4321_VAMB_595","2. Homa Bay Pier","samp_4321",99.89,4.25,80,"Bacteria","Cyanobacteria","Cyanobacteriia","Cyanobacteriales","Microcystaceae","Microcystis","Microcystis panniformis_A",5.680429,941,42.7,11584
"69","samp_4321_concoct_295","2. Homa Bay Pier","samp_4321",99.89,2.67,75,"Bacteria","Cyanobacteria","Cyanobacteriia","Cyanobacteriales","Microcystaceae","Microcystis","Microcystis panniformis_A",5.785772,814,42.6,11523
"70","samp_4321_concoct_327","2. Homa Bay Pier","samp_4321",99.67,3.97,77.27,"Bacteria","Cyanobacteria","Cyanobacteriia","Cyanobacteriales","Nostocaceae","Dolichospermum","",5.329736,891,37.1,12643
"71","samp_4321_maxbin_125","2. Homa Bay Pier","samp_4321",97.7,2.67,58.82,"Bacteria","Cyanobacteria","Cyanobacteriia","Cyanobacteriales","Microcystaceae","Microcystis","Microcystis panniformis_A",5.72518,722,42.5,11556
"72","samp_4321_metabat2_52","2. Homa Bay Pier","samp_4321",96.52,1.52,66.67,"Bacteria","Cyanobacteria","Cyanobacteriia","Cyanobacteriales","Nostocaceae","Dolichospermum","",4.331939,419,36.8,16454
"73","samp_4321_metabat2_69","2. Homa Bay Pier","samp_4321",96.38,2.01,83.33,"Bacteria","Cyanobacteria","Cyanobacteriia","Cyanobacteriales","Microcystaceae","Microcystis","Microcystis panniformis_A",5.229921,595,42.5,12217
"74","samp_4321_metadecoder_473","2. Homa Bay Pier","samp_4321",95.14,1.34,71.43,"Bacteria","Cyanobacteria","Cyanobacteriia","Cyanobacteriales","Nostocaceae","Dolichospermum","",3.992245,314,37,18287
"75","samp_4321_metadecoder_483","2. Homa Bay Pier","samp_4321",93.64,1.61,70,"Bacteria","Cyanobacteria","Cyanobacteriia","Cyanobacteriales","Microcystaceae","Microcystis","Microcystis panniformis_A",4.471698,418,42.8,13527
"76","samp_4321_semibin_164","2. Homa Bay Pier","samp_4321",97.04,1.9,66.67,"Bacteria","Cyanobacteria","Cyanobacteriia","Cyanobacteriales","Microcystaceae","Microcystis","Microcystis panniformis_A",5.276349,574,42.7,12401
"77","samp_4321_semibin_170","2. Homa Bay Pier","samp_4321",95.58,1.78,55.56,"Bacteria","Cyanobacteria","Cyanobacteriia","Cyanobacteriales","Nostocaceae","Dolichospermum","",4.346794,403,37.4,16454
"78","samp_4322_VAMB_324","2. Homa Bay Pier","samp_4322",99.45,3.07,65,"Bacteria","Cyanobacteria","Cyanobacteriia","Cyanobacteriales","Microcystaceae","Microcystis","Microcystis panniformis_A",5.96266,1207,42.4,10394
"79","samp_4322_VAMB_327","2. Homa Bay Pier","samp_4322",98.89,5.61,81.25,"Bacteria","Cyanobacteria","Cyanobacteriia","Cyanobacteriales","Nostocaceae","Dolichospermum","",5.55937,1604,36.5,13448
"80","samp_4322_VAMB_407","2. Homa Bay Pier","samp_4322",99.67,7.3,50,"Bacteria","Cyanobacteria","Cyanobacteriia","Cyanobacteriales","Microcystaceae","Microcystis","Microcystis panniformis_A",6.338878,2108,42.4,8906
"81","samp_4322_concoct_168","2. Homa Bay Pier","samp_4322",98.79,1.24,55.56,"Bacteria","Cyanobacteria","Cyanobacteriia","Cyanobacteriales","Microcystaceae","Microcystis","Microcystis panniformis_A",5.518758,724,42.6,11220
"82","samp_4322_concoct_184","2. Homa Bay Pier","samp_4322",98.89,1.3,71.43,"Bacteria","Cyanobacteria","Cyanobacteriia","Cyanobacteriales","Nostocaceae","Dolichospermum","",4.498371,485,36.9,17439
"83","samp_4322_maxbin_41","2. Homa Bay Pier","samp_4322",96.6,1.46,33.33,"Bacteria","Cyanobacteria","Cyanobacteriia","Cyanobacteriales","Microcystaceae","Microcystis","Microcystis panniformis_A",5.740433,739,42.5,10808
"84","samp_4322_maxbin_49","2. Homa Bay Pier","samp_4322",98,0.85,60,"Bacteria","Cyanobacteria","Cyanobacteriia","Cyanobacteriales","Nostocaceae","Dolichospermum","",4.390836,413,37.3,18154
"85","samp_4322_metabat2_23","2. Homa Bay Pier","samp_4322",97.1,0.52,33.33,"Bacteria","Cyanobacteria","Cyanobacteriia","Cyanobacteriales","Nostocaceae","Dolichospermum","",4.255656,375,36.8,18934
"86","samp_4322_metabat2_24","2. Homa Bay Pier","samp_4322",96.16,1.02,42.86,"Bacteria","Cyanobacteria","Cyanobacteriia","Cyanobacteriales","Microcystaceae","Microcystis","Microcystis panniformis_A",5.221865,598,42.6,11879
"87","samp_4322_metadecoder_289","2. Homa Bay Pier","samp_4322",95.32,0.45,50,"Bacteria","Cyanobacteria","Cyanobacteriia","Cyanobacteriales","Nostocaceae","Dolichospermum","",3.908615,263,37,19872
"88","samp_4323_VAMB_432","3. Homa Bay Water Intake","samp_4323",99.01,5.39,86.11,"Bacteria","Cyanobacteria","Cyanobacteriia","Cyanobacteriales","Microcystaceae","Microcystis","Microcystis panniformis_A",5.902905,1016,42.6,10767
"89","samp_4323_VAMB_453","3. Homa Bay Water Intake","samp_4323",98.66,4.9,80,"Bacteria","Cyanobacteria","Cyanobacteriia","Cyanobacteriales","Nostocaceae","Dolichospermum","",4.981534,969,36.8,13493
"90","samp_4323_concoct_215","3. Homa Bay Water Intake","samp_4323",98.89,2.97,68.42,"Bacteria","Cyanobacteria","Cyanobacteriia","Cyanobacteriales","Nostocaceae","Dolichospermum","",4.740482,619,36.8,14383
"91","samp_4323_concoct_225","3. Homa Bay Water Intake","samp_4323",98.79,4.51,83.87,"Bacteria","Cyanobacteria","Cyanobacteriia","Cyanobacteriales","Microcystaceae","Microcystis","Microcystis panniformis_A",5.742785,771,42.7,11121
"92","samp_4323_maxbin_310","3. Homa Bay Water Intake","samp_4323",95.5,3.08,60,"Bacteria","Cyanobacteria","Cyanobacteriia","Cyanobacteriales","Microcystaceae","Microcystis","Microcystis panniformis_A",5.825628,752,42.6,10596
"93","samp_4323_maxbin_320","3. Homa Bay Water Intake","samp_4323",97.25,0.97,20,"Bacteria","Cyanobacteria","Cyanobacteriia","Cyanobacteriales","Nostocaceae","Dolichospermum","",4.375474,427,37.3,15371
"94","samp_4323_metabat2_108","3. Homa Bay Water Intake","samp_4323",95.69,0.85,57.14,"Bacteria","Cyanobacteria","Cyanobacteriia","Cyanobacteriales","Nostocaceae","Dolichospermum","",4.27005,401,36.8,15935
"95","samp_4323_metabat2_132","3. Homa Bay Water Intake","samp_4323",95.43,3.12,85.71,"Bacteria","Cyanobacteria","Cyanobacteriia","Cyanobacteriales","Microcystaceae","Microcystis","Microcystis panniformis_A",5.305787,612,42.5,11785
"96","samp_4323_metadecoder_393","3. Homa Bay Water Intake","samp_4323",95.25,0.22,0,"Bacteria","Cyanobacteria","Cyanobacteriia","Cyanobacteriales","Nostocaceae","Dolichospermum","",3.959876,303,37,17005
"97","samp_4324_VAMB_358","3. Homa Bay Water Intake","samp_4324",99.34,4.08,84.62,"Bacteria","Cyanobacteria","Cyanobacteriia","Cyanobacteriales","Microcystaceae","Microcystis","Microcystis panniformis_A",5.440634,880,42.8,9923
"98","samp_4324_VAMB_363","3. Homa Bay Water Intake","samp_4324",96.66,4.19,91.67,"Bacteria","Cyanobacteria","Cyanobacteriia","Cyanobacteriales","Nostocaceae","Dolichospermum","",5.191339,1085,36.4,13870
"99","samp_4324_VAMB_466","3. Homa Bay Water Intake","samp_4324",99.89,8.03,87.23,"Bacteria","Cyanobacteria","Cyanobacteriia","Cyanobacteriales","Microcystaceae","Microcystis","Microcystis panniformis_A",6.679937,1889,42.3,8296
"100","samp_4324_concoct_132","3. Homa Bay Water Intake","samp_4324",98.68,2.58,70.59,"Bacteria","Cyanobacteria","Cyanobacteriia","Cyanobacteriales","Microcystaceae","Microcystis","Microcystis panniformis_A",5.667596,812,42.6,9873
"101","samp_4324_concoct_96","3. Homa Bay Water Intake","samp_4324",99,1.85,63.64,"Bacteria","Cyanobacteria","Cyanobacteriia","Cyanobacteriales","Nostocaceae","Dolichospermum","",4.610292,546,37,16007
"102","samp_4324_maxbin_53","3. Homa Bay Water Intake","samp_4324",98.11,0.74,50,"Bacteria","Cyanobacteria","Cyanobacteriia","Cyanobacteriales","Nostocaceae","Dolichospermum","",4.425309,435,37.2,16348
"103","samp_4324_maxbin_57","3. Homa Bay Water Intake","samp_4324",96.71,3.23,52.38,"Bacteria","Cyanobacteria","Cyanobacteriia","Cyanobacteriales","Microcystaceae","Microcystis","Microcystis panniformis_A",5.787757,807,42.5,9787
"104","samp_4324_metabat2_34","3. Homa Bay Water Intake","samp_4324",95.45,2.3,71.43,"Bacteria","Cyanobacteria","Cyanobacteriia","Cyanobacteriales","Microcystaceae","Microcystis","Microcystis panniformis_A",5.191994,650,42.5,10485
"105","samp_4324_metabat2_51","3. Homa Bay Water Intake","samp_4324",95.99,0.52,33.33,"Bacteria","Cyanobacteria","Cyanobacteriia","Cyanobacteriales","Nostocaceae","Dolichospermum","",4.252248,389,36.9,16925
"106","samp_4324_metadecoder_326","3. Homa Bay Water Intake","samp_4324",95.88,0.22,100,"Bacteria","Cyanobacteria","Cyanobacteriia","Cyanobacteriales","Nostocaceae","Dolichospermum","",4.011158,307,37,18558
"107","samp_4325_VAMB_310","H1. Homa Bay Coast","samp_4325",99.11,5.48,87.5,"Bacteria","Cyanobacteria","Cyanobacteriia","Cyanobacteriales","Nostocaceae","Dolichospermum","",5.527955,1902,36.7,13894
"108","samp_4325_VAMB_332","H1. Homa Bay Coast","samp_4325",95.24,6.77,37.21,"Bacteria","Cyanobacteria","Cyanobacteriia","Cyanobacteriales","Microcystaceae","Microcystis","",5.43631,4522,42.8,1747
"109","samp_4325_concoct_153","H1. Homa Bay Coast","samp_4325",99.11,1.63,75,"Bacteria","Cyanobacteria","Cyanobacteriia","Cyanobacteriales","Nostocaceae","Dolichospermum","",4.630462,532,37,16768
"110","samp_4325_metabat2_51","H1. Homa Bay Coast","samp_4325",96.67,0.96,60,"Bacteria","Cyanobacteria","Cyanobacteriia","Cyanobacteriales","Nostocaceae","Dolichospermum","",4.216854,355,36.9,18282
"111","samp_4325_metadecoder_273","H1. Homa Bay Coast","samp_4325",95.55,0.74,50,"Bacteria","Cyanobacteria","Cyanobacteriia","Cyanobacteriales","Nostocaceae","Dolichospermum","",3.936243,264,37.1,19115
"112","samp_4325_semibin_22","H1. Homa Bay Coast","samp_4325",92.43,0.74,50,"Bacteria","Cyanobacteria","Cyanobacteriia","Cyanobacteriales","Nostocaceae","Dolichospermum","",3.780699,256,37.3,19465
"113","samp_4326_VAMB_358","H1. Homa Bay Coast","samp_4326",99.56,4.93,87.88,"Bacteria","Cyanobacteria","Cyanobacteriia","Cyanobacteriales","Nostocaceae","Dolichospermum","",5.302337,1933,36.9,12990
"114","samp_4326_concoct_110","H1. Homa Bay Coast","samp_4326",99.56,1.19,71.43,"Bacteria","Cyanobacteria","Cyanobacteriia","Cyanobacteriales","Nostocaceae","Dolichospermum","",4.474147,514,37.1,15342
"115","samp_4326_maxbin_35","H1. Homa Bay Coast","samp_4326",97.22,0.22,0,"Bacteria","Cyanobacteria","Cyanobacteriia","Cyanobacteriales","Nostocaceae","Dolichospermum","",4.077973,370,37.5,16022
"116","samp_4326_metabat2_21","H1. Homa Bay Coast","samp_4326",97.63,0.63,50,"Bacteria","Cyanobacteria","Cyanobacteriia","Cyanobacteriales","Nostocaceae","Dolichospermum","",4.24404,394,37,15953
"117","samp_4326_metadecoder_254","H1. Homa Bay Coast","samp_4326",96.29,0.52,33.33,"Bacteria","Cyanobacteria","Cyanobacteriia","Cyanobacteriales","Nostocaceae","Dolichospermum","",3.991354,312,37.1,16794
"118","samp_4432_VAMB_675","10. Kisumu Harbor","samp_4432",99.13,9.9,89.39,"Bacteria","Cyanobacteria","Cyanobacteriia","Cyanobacteriales","Microcoleaceae","Planktothrix","",6.973423,1719,38.8,12801
"119","samp_4432_concoct_468","10. Kisumu Harbor","samp_4432",98.03,2.37,92.31,"Bacteria","Cyanobacteria","Cyanobacteriia","Cyanobacteriales","Microcoleaceae","Planktothrix","",5.373096,520,39.1,18699
"120","samp_4432_maxbin_231","10. Kisumu Harbor","samp_4432",97.82,0.95,80,"Bacteria","Cyanobacteria","Cyanobacteriia","Cyanobacteriales","Microcoleaceae","Planktothrix","",5.017227,441,39.3,19782
"121","samp_4432_metabat2_55","10. Kisumu Harbor","samp_4432",97.6,0.95,100,"Bacteria","Cyanobacteria","Cyanobacteriia","Cyanobacteriales","Microcoleaceae","Planktothrix","",5.029282,426,39.3,20113
"122","samp_4432_semibin_123","10. Kisumu Harbor","samp_4432",95.63,0.73,100,"Bacteria","Cyanobacteria","Cyanobacteriia","Cyanobacteriales","Microcoleaceae","Planktothrix","",4.650553,339,39.4,20921
"123","samp_4434_VAMB_215","15. Sondu Miriu","samp_4434",99.56,7.11,84.78,"Bacteria","Cyanobacteria","Cyanobacteriia","Cyanobacteriales","Microcoleaceae","Planktothrix","",6.829545,2000,38.8,12427
"124","samp_4434_VAMB_258","15. Sondu Miriu","samp_4434",99.44,4.16,67.86,"Bacteria","Cyanobacteria","Cyanobacteriia","Cyanobacteriales","Nostocaceae","Dolichospermum","",5.699266,1981,36.9,12766
"125","samp_4434_VAMB_405","15. Sondu Miriu","samp_4434",99.56,6.95,43.48,"Bacteria","Cyanobacteria","Cyanobacteriia","Cyanobacteriales","Nostocaceae","Dolichospermum","",6.145842,2854,37.1,11213
"126","samp_4434_VAMB_422","15. Sondu Miriu","samp_4434",99.78,8.75,82.69,"Bacteria","Cyanobacteria","Cyanobacteriia","Cyanobacteriales","Microcoleaceae","Planktothrix","",7.452625,3030,38.6,10587
"127","samp_4434_concoct_1141","15. Sondu Miriu","samp_4434",99.13,1.93,80,"Bacteria","Cyanobacteria","Cyanobacteriia","Cyanobacteriales","Microcoleaceae","Planktothrix","",5.234158,468,39.2,17594
"128","samp_4434_concoct_1146","15. Sondu Miriu","samp_4434",99.11,2.04,84.62,"Bacteria","Cyanobacteria","Cyanobacteriia","Cyanobacteriales","Nostocaceae","Dolichospermum","",4.771165,589,36.9,15855
"129","samp_4434_maxbin_358","15. Sondu Miriu","samp_4434",99.13,1.91,92.31,"Bacteria","Cyanobacteria","Cyanobacteriia","Cyanobacteriales","Microcoleaceae","Planktothrix","",5.318351,490,39.3,17282
"130","samp_4434_maxbin_376","15. Sondu Miriu","samp_4434",91.02,1,100,"Bacteria","Cyanobacteria","Cyanobacteriia","Cyanobacteriales","Nostocaceae","Dolichospermum","",3.743053,273,37.1,19765
"131","samp_4434_metabat2_18","15. Sondu Miriu","samp_4434",98.81,1.63,66.67,"Bacteria","Cyanobacteria","Cyanobacteriia","Cyanobacteriales","Nostocaceae","Dolichospermum","",4.423595,389,36.9,17229
"132","samp_4434_metabat2_31","15. Sondu Miriu","samp_4434",98.69,1.24,100,"Bacteria","Cyanobacteria","Cyanobacteriia","Cyanobacteriales","Microcoleaceae","Planktothrix","",5.003513,421,39.2,18186
"133","samp_4434_metadecoder_1313","15. Sondu Miriu","samp_4434",98.59,1.19,85.71,"Bacteria","Cyanobacteria","Cyanobacteriia","Cyanobacteriales","Nostocaceae","Dolichospermum","",4.147743,318,37,18335
"134","samp_4434_semibin_67","15. Sondu Miriu","samp_4434",93.44,0.51,100,"Bacteria","Cyanobacteria","Cyanobacteriia","Cyanobacteriales","Microcoleaceae","Planktothrix","",4.48996,314,39.4,19302
"135","samp_4435_VAMB_1079","17. Southern Mid-Gulf","samp_4435",95.88,6.49,34.15,"Bacteria","Cyanobacteria","Cyanobacteriia","Cyanobacteriales","Nostocaceae","Dolichospermum","",4.494354,2871,37.2,2393
"136","samp_4435_VAMB_736","17. Southern Mid-Gulf","samp_4435",96.77,7.27,31.11,"Bacteria","Cyanobacteria","Cyanobacteriia","Cyanobacteriales","Nostocaceae","Dolichospermum","",4.826552,3406,37,2188
"137","samp_4435_VAMB_779","17. Southern Mid-Gulf","samp_4435",99.56,6.42,73.17,"Bacteria","Cyanobacteria","Cyanobacteriia","Cyanobacteriales","Microcoleaceae","Planktothrix","",6.337148,1647,38.9,15311
"138","samp_4435_concoct_1984","17. Southern Mid-Gulf","samp_4435",98.58,1.8,63.64,"Bacteria","Cyanobacteria","Cyanobacteriia","Cyanobacteriales","Microcoleaceae","Planktothrix","",5.039722,383,39.3,19681
"139","samp_4435_maxbin_422","17. Southern Mid-Gulf","samp_4435",98.69,1.91,58.33,"Bacteria","Cyanobacteria","Cyanobacteriia","Cyanobacteriales","Microcoleaceae","Planktothrix","",5.24366,438,39.3,18894
"140","samp_4435_metabat2_87","17. Southern Mid-Gulf","samp_4435",98.47,1.69,63.64,"Bacteria","Cyanobacteria","Cyanobacteriia","Cyanobacteriales","Microcoleaceae","Planktothrix","",5.119342,423,39.2,18944
"141","samp_4435_semibin_235","17. Southern Mid-Gulf","samp_4435",98.8,1.8,54.55,"Bacteria","Cyanobacteria","Cyanobacteriia","Cyanobacteriales","Microcoleaceae","Planktothrix","",5.060366,372,39.3,19727
"142","samp_4436_VAMB_162","18. Awach River Mouth","samp_4436",90.7,7.81,35.56,"Bacteria","Cyanobacteria","Cyanobacteriia","Cyanobacteriales","Nostocaceae","Dolichospermum","",4.212416,4570,37.1,1166
"143","samp_4436_VAMB_311","18. Awach River Mouth","samp_4436",90.92,9.94,27.87,"Bacteria","Cyanobacteria","Cyanobacteriia","Cyanobacteriales","Nostocaceae","Dolichospermum","",4.31854,4798,37.5,1135
"144","samp_4439_VAMB_300","21. Kowuor","samp_4439",99.22,7.48,78,"Bacteria","Cyanobacteria","Cyanobacteriia","Cyanobacteriales","Nostocaceae","Dolichospermum","",6.729258,3202,36.8,10623
"145","samp_4439_concoct_171","21. Kowuor","samp_4439",99.22,0.96,60,"Bacteria","Cyanobacteria","Cyanobacteriia","Cyanobacteriales","Nostocaceae","Dolichospermum","",4.727297,521,36.7,18368
"146","samp_4439_maxbin_114","21. Kowuor","samp_4439",97.44,0.52,33.33,"Bacteria","Cyanobacteria","Cyanobacteriia","Cyanobacteriales","Nostocaceae","Dolichospermum","",4.143974,296,37.1,21280
"147","samp_4439_metabat2_24","21. Kowuor","samp_4439",98,1.41,28.57,"Bacteria","Cyanobacteria","Cyanobacteriia","Cyanobacteriales","Nostocaceae","Dolichospermum","",4.288677,336,36.9,20714
"148","samp_4439_metadecoder_817","21. Kowuor","samp_4439",95.77,0.22,0,"Bacteria","Cyanobacteria","Cyanobacteriia","Cyanobacteriales","Nostocaceae","Dolichospermum","",3.912923,239,37,22329
"149","samp_4440_VAMB_38","22. Oluch","samp_4440",93.97,7.53,30,"Bacteria","Cyanobacteria","Cyanobacteriia","Cyanobacteriales","Nostocaceae","Dolichospermum","",4.745038,3843,37.1,1797
"150","samp_4441_VAMB_91","23. Sikli","samp_4441",99.44,7.41,86.05,"Bacteria","Cyanobacteria","Cyanobacteriia","Cyanobacteriales","Nostocaceae","Dolichospermum","",6.196094,2165,36.5,10374
"151","samp_4441_concoct_710","23. Sikli","samp_4441",99.33,2.52,61.54,"Bacteria","Cyanobacteria","Cyanobacteriia","Cyanobacteriales","Nostocaceae","Dolichospermum","",4.674196,583,36.8,15155
"152","samp_4441_maxbin_669","23. Sikli","samp_4441",97.67,1.52,37.5,"Bacteria","Cyanobacteria","Cyanobacteriia","Cyanobacteriales","Nostocaceae","Dolichospermum","",4.156913,368,37.1,16952
"153","samp_4441_metabat2_265","23. Sikli","samp_4441",97.67,1.3,57.14,"Bacteria","Cyanobacteria","Cyanobacteriia","Cyanobacteriales","Nostocaceae","Dolichospermum","",4.213694,387,36.9,16904
"154","samp_4441_metadecoder_832","23. Sikli","samp_4441",96.1,1.3,57.14,"Bacteria","Cyanobacteria","Cyanobacteriia","Cyanobacteriales","Nostocaceae","Dolichospermum","",3.982651,308,37.1,17702
"155","samp_4441_semibin_5","23. Sikli","samp_4441",94.21,1.3,57.14,"Bacteria","Cyanobacteria","Cyanobacteriia","Cyanobacteriales","Nostocaceae","Dolichospermum","",3.882725,302,37.1,17702
"156","samp_4442_VAMB_291","24. Mirunda","samp_4442",99.44,8.59,78.26,"Bacteria","Cyanobacteria","Cyanobacteriia","Cyanobacteriales","Nostocaceae","Dolichospermum","",7.012991,4055,36.8,7796
"157","samp_4442_concoct_118","24. Mirunda","samp_4442",99.56,2.41,83.33,"Bacteria","Cyanobacteria","Cyanobacteriia","Cyanobacteriales","Nostocaceae","Dolichospermum","",4.664113,544,36.8,16730
"158","samp_4442_maxbin_63","24. Mirunda","samp_4442",97.56,0.96,60,"Bacteria","Cyanobacteria","Cyanobacteriia","Cyanobacteriales","Nostocaceae","Dolichospermum","",4.292003,365,37,19281
"159","samp_4442_metabat2_36","24. Mirunda","samp_4442",97.33,0.96,60,"Bacteria","Cyanobacteria","Cyanobacteriia","Cyanobacteriales","Nostocaceae","Dolichospermum","",4.176011,335,36.9,19621
"160","samp_4442_metadecoder_196","24. Mirunda","samp_4442",95.47,0.22,100,"Bacteria","Cyanobacteria","Cyanobacteriia","Cyanobacteriales","Nostocaceae","Dolichospermum","",3.805339,243,37,21560
"161","samp_4442_semibin_11","24. Mirunda","samp_4442",93.69,0.52,33.33,"Bacteria","Cyanobacteria","Cyanobacteriia","Cyanobacteriales","Nostocaceae","Dolichospermum","",3.65163,231,37.2,23185
"162","samp_4443_VAMB_823","25. Mbita East","samp_4443",98.67,7.56,57.78,"Bacteria","Cyanobacteria","Cyanobacteriia","Cyanobacteriales","Nostocaceae","Dolichospermum","",5.333034,1963,36.9,7802
"163","samp_4443_VAMB_834","25. Mbita East","samp_4443",97.22,7.85,76.6,"Bacteria","Cyanobacteria","Cyanobacteriia","Cyanobacteriales","Nostocaceae","Sphaerospermopsis","Sphaerospermopsis kisseleviana_A",7.251839,2547,37.1,7682
"164","samp_4443_concoct_1950","25. Mbita East","samp_4443",95.67,2.59,80,"Bacteria","Cyanobacteria","Cyanobacteriia","Cyanobacteriales","Nostocaceae","Sphaerospermopsis","Sphaerospermopsis kisseleviana_A",5.707567,832,37.4,10611
"165","samp_4443_concoct_2101","25. Mbita East","samp_4443",98,4.3,40,"Bacteria","Cyanobacteria","Cyanobacteriia","Cyanobacteriales","Nostocaceae","Dolichospermum","",4.656452,812,37,9526
"166","samp_4443_maxbin_260","25. Mbita East","samp_4443",91.67,0.44,33.33,"Bacteria","Cyanobacteria","Cyanobacteriia","Cyanobacteriales","Nostocaceae","Sphaerospermopsis","Sphaerospermopsis kisseleviana_A",4.743136,543,37.6,11832
"167","samp_4443_maxbin_283","25. Mbita East","samp_4443",94.77,1.68,44.44,"Bacteria","Cyanobacteria","Cyanobacteriia","Cyanobacteriales","Nostocaceae","Dolichospermum","",3.846133,485,37.2,11139
"168","samp_4443_metabat2_40","25. Mbita East","samp_4443",91.22,2.13,35.71,"Bacteria","Cyanobacteria","Cyanobacteriia","Cyanobacteriales","Nostocaceae","Sphaerospermopsis","Sphaerospermopsis kisseleviana_A",5.832334,819,40.1,10223
"169","samp_4443_metabat2_73","25. Mbita East","samp_4443",95.44,2.53,35.71,"Bacteria","Cyanobacteria","Cyanobacteriia","Cyanobacteriales","Nostocaceae","Dolichospermum","",4.097652,542,37,10811
"170","samp_4443_metadecoder_676","25. Mbita East","samp_4443",93.74,1.01,33.33,"Bacteria","Cyanobacteria","Cyanobacteriia","Cyanobacteriales","Nostocaceae","Dolichospermum","",3.767753,443,37.2,11273
"171","samp_4443_semibin_319","25. Mbita East","samp_4443",92.11,1.11,50,"Bacteria","Cyanobacteria","Cyanobacteriia","Cyanobacteriales","Nostocaceae","Sphaerospermopsis","Sphaerospermopsis kisseleviana_A",5.054084,561,37.7,11760
"172","samp_4443_semibin_429","25. Mbita East","samp_4443",95.3,1.64,20,"Bacteria","Cyanobacteria","Cyanobacteriia","Cyanobacteriales","Nostocaceae","Dolichospermum","",4.058651,504,37.1,11095
"173","samp_4444_VAMB_885","26. Mbita West","samp_4444",97.33,8.82,75,"Bacteria","Cyanobacteria","Cyanobacteriia","Cyanobacteriales","Nostocaceae","Sphaerospermopsis","Sphaerospermopsis kisseleviana_A",7.056924,2040,37.4,7591
"174","samp_4444_concoct_1899","26. Mbita West","samp_4444",90.3,7.15,69.05,"Bacteria","Cyanobacteria","Cyanobacteriia","Cyanobacteriales","Microcystaceae","Microcystis","Microcystis panniformis_A",3.847615,1713,43.2,2584
"175","samp_4444_concoct_1903","26. Mbita West","samp_4444",93.11,1.86,81.82,"Bacteria","Cyanobacteria","Cyanobacteriia","Cyanobacteriales","Nostocaceae","Sphaerospermopsis","Sphaerospermopsis kisseleviana_A",5.110937,650,37.6,10864
"176","samp_4444_concoct_1946","26. Mbita West","samp_4444",99,5.99,55.26,"Bacteria","Cyanobacteria","Cyanobacteriia","Cyanobacteriales","Nostocaceae","Dolichospermum","",5.059659,797,36.9,11716
"177","samp_4444_maxbin_761","26. Mbita West","samp_4444",91.61,0.81,33.33,"Bacteria","Cyanobacteria","Cyanobacteriia","Cyanobacteriales","Nostocaceae","Dolichospermum","",3.834118,345,37.1,15823
"178","samp_4444_maxbin_786","26. Mbita West","samp_4444",92.89,1.12,83.33,"Bacteria","Cyanobacteria","Cyanobacteriia","Cyanobacteriales","Nostocaceae","Sphaerospermopsis","Sphaerospermopsis kisseleviana_A",4.915663,624,37.6,10851
"179","samp_4444_metabat2_103","26. Mbita West","samp_4444",96.55,8.1,12.5,"Bacteria","Cyanobacteria","Cyanobacteriia","Cyanobacteriales","Nostocaceae","Sphaerospermopsis","Sphaerospermopsis kisseleviana_A",5.816749,867,39.7,9618
"180","samp_4444_metabat2_99","26. Mbita West","samp_4444",95.44,2.77,41.18,"Bacteria","Cyanobacteria","Cyanobacteriia","Cyanobacteriales","Nostocaceae","Dolichospermum","",4.357584,458,36.8,14317
"181","samp_4444_semibin_569","26. Mbita West","samp_4444",95.44,2.32,42.86,"Bacteria","Cyanobacteria","Cyanobacteriia","Cyanobacteriales","Nostocaceae","Dolichospermum","",4.563137,476,36.9,13907
"182","samp_4445_VAMB_529","27. Bridge Island","samp_4445",99,6.59,66.67,"Bacteria","Cyanobacteria","Cyanobacteriia","Cyanobacteriales","Nostocaceae","Dolichospermum","",5.847335,1893,36.5,13288
"183","samp_4445_concoct_1450","27. Bridge Island","samp_4445",90.56,6.79,78.05,"Bacteria","Cyanobacteria","Cyanobacteriia","Cyanobacteriales","Microcystaceae","Microcystis","Microcystis aeruginosa_H",3.729636,1804,43.1,2269
"184","samp_4445_concoct_1558","27. Bridge Island","samp_4445",99,3.26,61.11,"Bacteria","Cyanobacteria","Cyanobacteriia","Cyanobacteriales","Nostocaceae","Dolichospermum","",5.008297,652,36.8,17531
"185","samp_4445_maxbin_178","27. Bridge Island","samp_4445",94.44,0.67,66.67,"Bacteria","Cyanobacteria","Cyanobacteriia","Cyanobacteriales","Nostocaceae","Dolichospermum","",3.820824,263,37.2,23294
"186","samp_4445_metabat2_139","27. Bridge Island","samp_4445",98,2.07,54.55,"Bacteria","Cyanobacteria","Cyanobacteriia","Cyanobacteriales","Nostocaceae","Dolichospermum","",4.351256,353,36.9,21208
"187","samp_4445_metadecoder_820","27. Bridge Island","samp_4445",95.11,0.44,50,"Bacteria","Cyanobacteria","Cyanobacteriia","Cyanobacteriales","Nostocaceae","Dolichospermum","",3.814968,232,37.1,24166
"188","samp_4445_semibin_367","27. Bridge Island","samp_4445",97.33,0.96,20,"Bacteria","Cyanobacteria","Cyanobacteriia","Cyanobacteriales","Nostocaceae","Dolichospermum","",4.121539,300,37,21783
"189","samp_4446_metabat2_471","28. Bondo","samp_4446",90.07,9.23,58.33,"Bacteria","Cyanobacteria","Cyanobacteriia","Cyanobacteriales","Nostocaceae","Dolichospermum","",4.539608,629,36.9,9935
"190","samp_4448_VAMB_1094","30. Rosinga Channel","samp_4448",96.22,6.87,84.44,"Bacteria","Cyanobacteria","Cyanobacteriia","Cyanobacteriales","Nostocaceae","Sphaerospermopsis","Sphaerospermopsis kisseleviana_A",6.251574,1999,37.9,8525
"191","samp_4448_VAMB_831","30. Rosinga Channel","samp_4448",99.44,8.81,72.41,"Bacteria","Cyanobacteria","Cyanobacteriia","Cyanobacteriales","Nostocaceae","Dolichospermum","",6.142492,2275,36.7,11637
"192","samp_4448_VAMB_839","30. Rosinga Channel","samp_4448",97,7.46,80.39,"Bacteria","Cyanobacteria","Cyanobacteriia","Cyanobacteriales","Nostocaceae","Sphaerospermopsis","Sphaerospermopsis kisseleviana_A",6.801502,2404,37.3,7867
"193","samp_4448_concoct_1871","30. Rosinga Channel","samp_4448",93.7,1.78,77.78,"Bacteria","Cyanobacteria","Cyanobacteriia","Cyanobacteriales","Nostocaceae","Sphaerospermopsis","Sphaerospermopsis kisseleviana_A",5.020957,595,37.7,10901
"194","samp_4448_concoct_1931","30. Rosinga Channel","samp_4448",99.44,3.63,52.38,"Bacteria","Cyanobacteria","Cyanobacteriia","Cyanobacteriales","Nostocaceae","Dolichospermum","",5.099073,689,36.9,14570
"195","samp_4448_maxbin_455","30. Rosinga Channel","samp_4448",91.59,1.49,42.86,"Bacteria","Cyanobacteria","Cyanobacteriia","Cyanobacteriales","Nostocaceae","Sphaerospermopsis","Sphaerospermopsis kisseleviana_A",4.64245,554,37.7,10901
"196","samp_4448_metabat2_122","30. Rosinga Channel","samp_4448",98.3,2.07,66.67,"Bacteria","Cyanobacteria","Cyanobacteriia","Cyanobacteriales","Nostocaceae","Dolichospermum","",4.294879,374,36.9,16399
"197","samp_4448_metabat2_49","30. Rosinga Channel","samp_4448",91.04,2.19,66.67,"Bacteria","Cyanobacteria","Cyanobacteriia","Cyanobacteriales","Nostocaceae","Sphaerospermopsis","Sphaerospermopsis kisseleviana_A",5.003673,643,38.1,10451
"198","samp_4448_metadecoder_579","30. Rosinga Channel","samp_4448",95.63,1.67,62.5,"Bacteria","Cyanobacteria","Cyanobacteriia","Cyanobacteriales","Nostocaceae","Dolichospermum","",3.926919,274,37,18407
"199","samp_4448_semibin_239","30. Rosinga Channel","samp_4448",95.96,1.74,60,"Bacteria","Cyanobacteria","Cyanobacteriia","Cyanobacteriales","Nostocaceae","Dolichospermum","",4.126565,331,37.1,16951
"200","samp_4449_VAMB_1017","31. South Rosinga","samp_4449",98.37,3.19,44.44,"Bacteria","Cyanobacteria","Cyanobacteriia","Cyanobacteriales","Nostocaceae","Dolichospermum","",4.994681,2207,37,5018
"201","samp_4449_VAMB_517","31. South Rosinga","samp_4449",98.59,3.41,47.37,"Bacteria","Cyanobacteria","Cyanobacteriia","Cyanobacteriales","Nostocaceae","Dolichospermum","",5.05748,2317,37,4958
"202","samp_4449_concoct_1603","31. South Rosinga","samp_4449",97.81,1.3,37.5,"Bacteria","Cyanobacteria","Cyanobacteriia","Cyanobacteriales","Nostocaceae","Dolichospermum","",4.358347,1056,37.1,5954
"203","samp_4449_maxbin_169","31. South Rosinga","samp_4449",91.48,0.52,50,"Bacteria","Cyanobacteria","Cyanobacteriia","Cyanobacteriales","Nostocaceae","Dolichospermum","",3.822958,687,37.1,6754
